0,1,2,3,4,5,6,7,8,9,10,11,12,13,14,15,16,17,18,19,20,21,22,23
2750214.092,953302.8574,5619062,1954817,2910749.712,839530765.5,2332899.5,0,0.012049595,10973.14606,85.54132648,0.004567604,-0.000744546,2.09E-05,2.251734964,36158.65537,161026.9101,72394.3865,-0.924498618,6.61E-13,5.67E-05,0.969711404,0.034936631,2.09E-05
2763634.739,816380.1061,5185560,1921743,2881692.809,842742670.5,2620551.5,0,0.012049595,10973.14606,85.54132648,0.004567604,-0.000744546,2.09E-05,2.513061285,-25266.3096,122278.6079,178280.5344,-0.924498618,6.91E-13,8.11E-05,0.998288901,0.034936631,2.09E-05
2718755.83,892134.6582,5443406,1858605,2861387.34,828976485.5,2480490,0,0.012049595,10973.14606,85.54132648,0.004567604,-0.000744546,2.09E-05,2.405096293,5725.000743,117054.8886,177328.2807,-0.924498618,6.48E-13,5.75E-05,0.996497869,0.034936631,2.09E-05
2832171.869,1020124.224,5886272,2012464.5,3010290.838,863323480.5,2346067,0,0.012049595,10973.14606,85.54132648,0.004567604,-0.000744546,2.09E-05,2.160599131,63024.89166,100567.5255,65493.38769,-0.924498618,5.88E-13,4.59E-05,0.993807635,0.034936631,2.09E-05
2750789.928,898279.0114,5428683,1970481.5,2893743.322,838733021.5,2432224.5,0,0.012049595,10973.14606,85.54132648,0.004567604,-0.000744546,2.09E-05,2.368617536,62572.73738,73740.96055,110043.7075,-0.924498618,6.94E-13,6.43E-05,0.995687418,0.034936631,2.09E-05
2782550.588,878091.5446,5415741,2014131.5,2917812.972,848425597.5,2463904.5,0,0.012049595,10973.14606,85.54132648,0.004567604,-0.000744546,2.09E-05,2.421893771,69521.78033,124638.7353,136157.6151,-0.924498618,7.00E-13,6.53E-05,0.996255291,0.034936631,2.09E-05
2920137.693,1030053.257,5931520,2049862,3096484.112,890186609.5,2475090.5,0,0.012049595,10973.14606,85.54132648,0.004567604,-0.000744546,2.09E-05,2.315666352,81181.12146,167935.6151,67958.16189,-0.924498618,5.44E-13,3.95E-05,0.994226205,0.034936631,2.09E-05
3310310.974,826797.4289,5616224,2585175.5,3412001.28,1009250238,3012642,0,0.012049595,10973.14606,85.54132648,0.004567604,-0.000744546,2.09E-05,2.225043646,93234.91759,132856.1363,8123.966013,-0.924498618,6.89E-13,0.00013517,0.995084398,0.034936631,2.09E-05
2852011.353,1018367.925,5832892,2012270.5,3028372.828,869479814.5,2376127.5,0,0.012049595,10973.14606,85.54132648,0.004567604,-0.000744546,2.09E-05,2.263066482,86113.25167,138437.2492,56189.15472,-0.924498618,5.63E-13,4.01E-05,0.993674182,0.034936631,2.09E-05
2811155.588,816819.2145,5312481,2093616,2927420.259,857220384.5,2543207.5,0,0.012049595,10973.14606,85.54132648,0.004567604,-0.000744546,2.09E-05,2.44251749,43908.21275,92326.16808,143205.4346,-0.924498618,7.96E-13,1.00E-04,0.996870021,0.034936631,2.09E-05
4363680.575,925035.3224,5545060,2886063.5,4460650.01,1331573959,4598527,0,0.012049595,10973.14606,85.54132648,0.004567604,-0.000744546,2.09E-05,2.368923749,-92239.16292,-139577.4345,53652.83094,-0.924498618,-6.81E-13,0.000128895,0.989582708,0.034936631,2.09E-05
3494119.725,388620.733,4290889,3114543.5,3515664.764,1065895457,3416874,0,0.012049595,10973.14606,85.54132648,0.004567604,-0.000744546,2.09E-05,1.52391819,-31324.17803,2636.261818,64127.03221,-0.924498618,-6.53E-12,0.024344038,1.001528848,0.034936631,2.09E-05
2717380.065,988338.6568,5661752,1875192.5,2891533.801,828496736.5,2269324,0,0.012049595,10973.14606,85.54132648,0.004567604,-0.000744546,2.09E-05,2.181598843,56577.66683,129426.2165,93382.77426,-0.924498618,6.04E-13,4.33E-05,0.994621015,0.034936631,2.09E-05
3009042.124,1103340.45,6256924,1995424.5,3204948.464,917233166.5,2631203,0,0.012049595,10973.14606,85.54132648,0.004567604,-0.000744546,2.09E-05,2.319039343,36252.47946,178287.7449,58582.39367,-0.924498618,4.60E-13,3.22E-05,0.994166799,0.034936631,2.09E-05
3779075.542,753313.0324,4830121,2503012.5,3853426.07,1153352564,3921494,0,0.012049595,10973.14606,85.54132648,0.004567604,-0.000744546,2.09E-05,2.364439568,-135513.7003,-21392.33732,99625.63638,-0.924498618,-1.03E-12,0.000287448,0.985101222,0.034936631,2.09E-05
3010250.928,1024910.934,5960583,2126068.5,3179945.451,917605487.5,2609247,0,0.012049595,10973.14606,85.54132648,0.004567604,-0.000744546,2.09E-05,2.347494604,25232.04489,147688.212,39313.65008,-0.924498618,5.39E-13,4.39E-05,0.994525544,0.034936631,2.09E-05
2726548.222,897571.4152,5420946,1916586,2870487.703,831336685.5,2445423,0,0.012049595,10973.14606,85.54132648,0.004567604,-0.000744546,2.09E-05,2.381763061,20661.17512,116518.0738,122435.6055,-0.924498618,6.78E-13,6.07E-05,0.996164534,0.034936631,2.09E-05
2864866.993,739032.5873,5117511,2170192.5,2958653.757,873663757.5,2670846,0,0.012049595,10973.14606,85.54132648,0.004567604,-0.000744546,2.09E-05,2.103788001,-30893.49232,66223.29618,149784.7466,-0.924498618,9.28E-13,0.00019108,0.997775875,0.034936631,2.09E-05
2820706.353,991432.0658,5796111,2022107.5,2989869.875,859947954.5,2329385,0,0.012049595,10973.14606,85.54132648,0.004567604,-0.000744546,2.09E-05,2.198632151,47807.2266,104705.4508,89852.6671,-0.924498618,6.17E-13,4.98E-05,0.993868992,0.034936631,2.09E-05
5072553.183,1038161.029,6318672,3375634,5177699.693,1547655122,5416254,0,0.012049595,10973.14606,85.54132648,0.004567604,-0.000744546,2.09E-05,2.300111833,-67670.85761,-167429.8844,-52794.60554,-0.924498618,-6.33E-13,0.000209196,0.994589092,0.034936631,2.09E-05
2975127.817,1051458.809,6017385,2046285,3155463.699,906913511.5,2583210.5,0,0.012049595,10973.14606,85.54132648,0.004567604,-0.000744546,2.09E-05,2.311588686,69856.81587,145846.9705,39019.40735,-0.924498618,5.08E-13,3.56E-05,0.994473051,0.034936631,2.09E-05
2725128.275,863279.7041,5280897,1866014.5,2858596.852,830936481.5,2511751.5,0,0.012049595,10973.14606,85.54132648,0.004567604,-0.000744546,2.09E-05,2.486812356,36962.43393,131401.4325,169292.6304,-0.924498618,6.58E-13,6.13E-05,0.997262292,0.034936631,2.09E-05
2813170.575,1050720.053,5928722,1963719,3002988.73,857614391.5,2320362,0,0.012049595,10973.14606,85.54132648,0.004567604,-0.000744546,2.09E-05,2.11085241,80031.02216,170135.0572,83491.25692,-0.924498618,5.45E-13,3.75E-05,0.994408363,0.034936631,2.09E-05
3595423.307,679300.7263,4561448,2430029.5,3659032.418,1097230707,3716349.5,0,0.012049595,10973.14606,85.54132648,0.004567604,-0.000744546,2.09E-05,2.349328192,-88813.87261,17476.78467,83463.0862,-0.924498618,-1.28E-12,0.00047324,0.98941728,0.034936631,2.09E-05
4727269.222,883533.3342,5851468,3351230.5,4809127.307,1442293149,4980638.5,0,0.012049595,10973.14606,85.54132648,0.004567604,-0.000744546,2.09E-05,2.232321845,-26388.41729,-132117.2616,-29142.61473,-0.924498618,-9.07E-13,0.000422306,0.993387008,0.034936631,2.09E-05
3915693.137,780925.6246,5007052,2624657,3992805.727,1195051633,4071554.5,0,0.012049595,10973.14606,85.54132648,0.004567604,-0.000744546,2.09E-05,2.392051588,-82065.38803,-72684.57078,91385.00086,-0.924498618,-9.72E-13,0.000271659,0.984529562,0.034936631,2.09E-05
4024206.804,842845.5044,5167409,2624985,4111523.92,1228185054,4221961,0,0.012049595,10973.14606,85.54132648,0.004567604,-0.000744546,2.09E-05,2.460862249,-86829.84597,-93539.66028,79087.95093,-0.924498618,-8.09E-13,0.000166492,0.985395361,0.034936631,2.09E-05
3164599.562,701048.2389,5281254,2615251.5,3241320.568,965016271.5,2837444,0,0.012049595,10973.14606,85.54132648,0.004567604,-0.000744546,2.09E-05,2.085263406,33656.66162,66688.25247,56083.2967,-0.924498618,9.76E-13,0.000338025,0.995559133,0.034936631,2.09E-05
2980275.745,1061543.411,6043912,2027005,3163687.395,908484540.5,2583089,0,0.012049595,10973.14606,85.54132648,0.004567604,-0.000744546,2.09E-05,2.32661878,58806.45755,153614.8655,38615.85744,-0.924498618,4.94E-13,3.41E-05,0.994588252,0.034936631,2.09E-05
3016356.49,1027630.41,5962920,2096945,3186601.753,919469120.5,2641873.5,0,0.012049595,10973.14606,85.54132648,0.004567604,-0.000744546,2.09E-05,2.352597453,34910.89793,152190.7318,58268.05725,-0.924498618,5.27E-13,4.18E-05,0.994454893,0.034936631,2.09E-05
2815326.778,1066620.925,5950011,1936102,3010605.431,858230284.5,2340213,0,0.012049595,10973.14606,85.54132648,0.004567604,-0.000744546,2.09E-05,2.156189634,38407.79008,162288.8391,73363.55336,-0.924498618,5.23E-13,3.45E-05,0.994241154,0.034936631,2.09E-05
2990425.529,1108363.342,6224215,1970536.5,3189218.422,911490255.5,2594521,0,0.012049595,10973.14606,85.54132648,0.004567604,-0.000744546,2.09E-05,2.412194384,41228.54283,172601.8581,34611.63348,-0.924498618,4.56E-13,3.04E-05,0.993546306,0.034936631,2.09E-05
3484333.261,644362.3333,4387269,2518008.5,3543413.763,1063269880,3576154.5,0,0.012049595,10973.14606,85.54132648,0.004567604,-0.000744546,2.09E-05,2.313265286,-137602.2299,14405.65823,97398.79298,-0.924498618,-1.37E-12,0.000552566,0.992225613,0.034936631,2.09E-05
4073311.098,329863.163,5074236,3782637.5,4086645.691,1242485565,4110132.5,0,0.012049595,10973.14606,85.54132648,0.004567604,-0.000744546,2.09E-05,1.207180294,-64931.95261,-78687.76145,40955.19872,-0.924498618,-2.85E-11,0.20620227,0.999596041,0.034936631,2.09E-05
2992185.183,1054072.393,6058252,2030524,3172418.758,912065593.5,2604037.5,0,0.012049595,10973.14606,85.54132648,0.004567604,-0.000744546,2.09E-05,2.335170161,54308.45072,126135.6455,54896.4783,-0.924498618,4.99E-13,3.67E-05,0.994453347,0.034936631,2.09E-05
2730329.954,838461.3477,5206071,1879308,2856172.105,832527897.5,2551532.5,0,0.012049595,10973.14606,85.54132648,0.004567604,-0.000744546,2.09E-05,2.509928907,16688.68952,97395.6479,144767.4753,-0.924498618,6.77E-13,6.82E-05,0.998005792,0.034936631,2.09E-05
4255909.314,338097.415,4968898,3967921.5,4269317.738,1298172836,4294550.5,0,0.012049595,10973.14606,85.54132648,0.004567604,-0.000744546,2.09E-05,1.213313756,33675.12266,-34324.98869,-28313.66539,-0.924498618,-2.92E-11,0.224276175,1.00139817,0.034936631,2.09E-05
2720190.895,916360.3707,5431880,1870821,2870392.802,829422526.5,2414041,0,0.012049595,10973.14606,85.54132648,0.004567604,-0.000744546,2.09E-05,2.380651049,63223.45033,131681.3329,146021.5749,-0.924498618,6.29E-13,4.94E-05,0.996068661,0.034936631,2.09E-05
3733972.843,527158.9379,5168174,3317176,3771001.159,1138588560,3565261.5,0,0.012049595,10973.14606,85.54132648,0.004567604,-0.000744546,2.09E-05,1.666700595,87597.43611,148108.0011,34201.60817,-0.924498618,-3.70E-13,0.004365302,0.996453903,0.034936631,2.09E-05
2875751.386,921011.1596,5570808,2129513,3019636.996,876774187.5,2417591,0,0.012049595,10973.14606,85.54132648,0.004567604,-0.000744546,2.09E-05,2.318721841,67088.70782,121213.6317,62301.22446,-0.924498618,6.91E-13,6.40E-05,0.994303181,0.034936631,2.09E-05
2766967.131,1033106.524,5760087,1910546.5,2953542.99,843496187.5,2265596.5,0,0.012049595,10973.14606,85.54132648,0.004567604,-0.000744546,2.09E-05,2.125508961,82872.94349,140262.8299,67818.03201,-0.924498618,5.65E-13,3.91E-05,0.99370365,0.034936631,2.09E-05
2809313.81,795364.0708,5229012,2066339,2919734.25,856657765.5,2575820,0,0.012049595,10973.14606,85.54132648,0.004567604,-0.000744546,2.09E-05,2.42588388,28807.59683,80369.51456,156670.2532,-0.924498618,8.33E-13,0.000124233,0.997317975,0.034936631,2.09E-05
3008622.915,1107714.838,6222252,1989563,3206063.631,917084537.5,2605423.5,0,0.012049595,10973.14606,85.54132648,0.004567604,-0.000744546,2.09E-05,2.403106715,72919.70003,137135.0668,58856.92433,-0.924498618,4.55E-13,3.11E-05,0.994433563,0.034936631,2.09E-05
2748747.869,1007492.577,5648453,1911209,2927568.298,838017798.5,2277532,0,0.012049595,10973.14606,85.54132648,0.004567604,-0.000744546,2.09E-05,2.195073262,65845.10954,118313.1823,73590.37162,-0.924498618,5.88E-13,4.13E-05,0.994139115,0.034936631,2.09E-05
4860642.026,1047142.492,6152489,3137206,4972157.309,1483052483,5212259,0,0.012049595,10973.14606,85.54132648,0.004567604,-0.000744546,2.09E-05,2.342563872,-91562.42729,-152254.9141,-19068.84121,-0.924498618,-5.94E-13,0.000139789,0.993747037,0.034936631,2.09E-05
3763416.275,410800.3945,4895659,3485671.5,3785770.598,1147710802,3644147,0,0.012049595,10973.14606,85.54132648,0.004567604,-0.000744546,2.09E-05,1.374711779,-34223.2869,28943.73869,39767.94814,-0.924498618,-4.84E-12,0.027201621,0.997345721,0.034936631,2.09E-05
3286261.562,592082.8382,4252987,2500165.5,3339173.122,1002661918,3310343.5,0,0.012049595,10973.14606,85.54132648,0.004567604,-0.000744546,2.09E-05,2.383024132,-131621.0075,61739.28468,148219.9487,-0.924498618,-1.25E-12,0.000632114,0.998066537,0.034936631,2.09E-05
3413565.706,627573.523,4334093,2514865,3470775.037,1041642615,3492262.5,0,0.012049595,10973.14606,85.54132648,0.004567604,-0.000744546,2.09E-05,2.317033579,-150848.3638,39212.8077,103536.9801,-0.924498618,-1.41E-12,0.000579931,0.993776009,0.034936631,2.09E-05
2764246.379,1035733.014,5813767,1895819,2951914.789,842726330.5,2273068.5,0,0.012049595,10973.14606,85.54132648,0.004567604,-0.000744546,2.09E-05,2.082217353,41624.67624,138451.1466,60981.90875,-0.924498618,5.56E-13,3.73E-05,0.993669865,0.034936631,2.09E-05
2770693.993,1012261.996,5814101,1980575.5,2949816.868,844704016.5,2259882.5,0,0.012049595,10973.14606,85.54132648,0.004567604,-0.000744546,2.09E-05,2.065947823,39244.94235,122176.3428,103665.9992,-0.924498618,6.03E-13,4.63E-05,0.994235413,0.034936631,2.09E-05
2789970.458,1049117.469,5885233,1921641,2980701.699,850485838.5,2287640,0,0.012049595,10973.14606,85.54132648,0.004567604,-0.000744546,2.09E-05,2.097131346,43492.15326,111091.3805,78527.25681,-0.924498618,5.43E-13,3.65E-05,0.993501987,0.034936631,2.09E-05
2864778.17,1081797.786,6061804,1937008,3062228.015,873288906.5,2421997,0,0.012049595,10973.14606,85.54132648,0.004567604,-0.000744546,2.09E-05,2.229108161,61222.59553,137017.5859,48339.29286,-0.924498618,5.01E-13,3.31E-05,0.994274537,0.034936631,2.09E-05
2814384.621,908750.5833,5635419,2062731.5,2957463.173,858133116.5,2409829.5,0,0.012049595,10973.14606,85.54132648,0.004567604,-0.000744546,2.09E-05,2.313410335,53857.99986,123221.1694,84788.33094,-0.924498618,7.03E-13,6.68E-05,0.994725143,0.034936631,2.09E-05
2713208.118,880006.2725,5337537,1851342,2852351.544,827297405.5,2493028,0,0.012049595,10973.14606,85.54132648,0.004567604,-0.000744546,2.09E-05,2.441894931,44610.63108,130505.4427,166665.7727,-0.924498618,6.56E-13,5.94E-05,0.997017091,0.034936631,2.09E-05
3700010.124,528865.1299,5404841,3257775.5,3737615.984,1128232803,3529229,0,0.012049595,10973.14606,85.54132648,0.004567604,-0.000744546,2.09E-05,1.616696296,84436.47009,145471.7087,37617.83329,-0.924498618,-2.55E-13,0.00410201,0.996194653,0.034936631,2.09E-05
2718425.771,983485.6035,5710316,1897721,2890861.914,828814051.5,2283885,0,0.012049595,10973.14606,85.54132648,0.004567604,-0.000744546,2.09E-05,2.191664312,89123.6706,135054.1145,94657.85836,-0.924498618,6.08E-13,4.42E-05,0.994749455,0.034936631,2.09E-05
4871881.399,903395.9338,6011992,3435594.5,4954932.146,1486437963,5145623,0,0.012049595,10973.14606,85.54132648,0.004567604,-0.000744546,2.09E-05,2.204639542,-27390.64319,-130444.2692,-36953.34954,-0.924498618,-8.76E-13,0.000429548,0.994202444,0.034936631,2.09E-05
2711539.471,957470.2851,5575297,1898260.5,2875620.915,826714565.5,2342716.5,0,0.012049595,10973.14606,85.54132648,0.004567604,-0.000744546,2.09E-05,2.278328259,68069.29892,102879.0169,135686.7502,-0.924498618,6.14E-13,4.53E-05,0.994578653,0.034936631,2.09E-05
2842804.052,755689.2664,5142497,2100461.5,2941530.409,866911952.5,2678898.5,0,0.012049595,10973.14606,85.54132648,0.004567604,-0.000744546,2.09E-05,2.314148999,3121.919341,55498.4132,156560.1574,-0.924498618,8.17E-13,0.000144871,0.99880334,0.034936631,2.09E-05
3021438.255,1090217.07,6212067,2003548.5,3212111.827,920948921.5,2645095,0,0.012049595,10973.14606,85.54132648,0.004567604,-0.000744546,2.09E-05,2.381235793,62565.80874,151952.0878,38157.03145,-0.924498618,4.65E-13,3.31E-05,0.993698981,0.034936631,2.09E-05
3577901.987,691415.9895,5573918,2949925.5,3644096.417,1090924273,3368407,0,0.012049595,10973.14606,85.54132648,0.004567604,-0.000744546,2.09E-05,1.987957317,5870.330079,44032.82799,12643.78347,-0.924498618,6.41E-13,0.000555107,0.995454051,0.034936631,2.09E-05
2984306.131,1073238.284,6053814,2005176.5,3171422.945,909699387.5,2585863,0,0.012049595,10973.14606,85.54132648,0.004567604,-0.000744546,2.09E-05,2.318622293,39876.36963,176616.2595,65193.50852,-0.924498618,4.84E-13,3.33E-05,0.994467853,0.034936631,2.09E-05
3906409.758,313099.4304,4906563,3753507.5,3918937.158,1191386869,3852570,0,0.012049595,10973.14606,85.54132648,0.004567604,-0.000744546,2.09E-05,1.224269244,-84508.38994,7775.395236,38914.95375,-0.924498618,-3.00E-11,0.231045483,1.002289865,0.034936631,2.09E-05
3031084.98,1087103.604,6157806,2020292.5,3220135.153,923938656.5,2661389.5,0,0.012049595,10973.14606,85.54132648,0.004567604,-0.000744546,2.09E-05,2.332793619,36687.26409,162217.2455,29178.72407,-0.924498618,4.66E-13,3.36E-05,0.994820536,0.034936631,2.09E-05
2826387.928,1057361.804,5937311,1964969,3017694.932,861583479.5,2348890,0,0.012049595,10973.14606,85.54132648,0.004567604,-0.000744546,2.09E-05,2.138731881,58510.56453,149182.6837,56722.24068,-0.924498618,5.37E-13,3.69E-05,0.993769026,0.034936631,2.09E-05
2744451.536,865281.7748,5368156,1899154.5,2877625.198,836804483.5,2516211,0,0.012049595,10973.14606,85.54132648,0.004567604,-0.000744546,2.09E-05,2.457746151,-3047.92314,100039.7968,164202.2562,-0.924498618,6.78E-13,6.63E-05,0.996990936,0.034936631,2.09E-05
3583261.719,689166.3621,4518246,2394923,3648933.381,1093568737,3708836.5,0,0.012049595,10973.14606,85.54132648,0.004567604,-0.000744546,2.09E-05,2.319803769,-133381.6274,-14771.85376,110509.0888,-0.924498618,-1.28E-12,0.000430063,0.987526926,0.034936631,2.09E-05
3416933.301,626035.7226,4279295,2526412,3473809.711,1042698280,3500197,0,0.012049595,10973.14606,85.54132648,0.004567604,-0.000744546,2.09E-05,2.262863562,-113298.6319,11693.44398,105585.8837,-0.924498618,-1.39E-12,0.00058346,0.993786221,0.034936631,2.09E-05
3659415.052,702955.9022,4660375,2404728,3726320.642,1116835137,3791050.5,0,0.012049595,10973.14606,85.54132648,0.004567604,-0.000744546,2.09E-05,2.353116503,-118482.5531,-22326.72897,84484.67647,-0.924498618,-1.19E-12,0.000396799,0.986989815,0.034936631,2.09E-05
2854182.693,956347.0755,5766978,2060431,3010142.617,870247819.5,2396865,0,0.012049595,10973.14606,85.54132648,0.004567604,-0.000744546,2.09E-05,2.274436266,80987.45695,150113.2042,82522.4471,-0.924498618,6.46E-13,5.67E-05,0.994214376,0.034936631,2.09E-05
2972499.281,1042244.938,6094621,2055938.5,3149924.838,906111436.5,2578355.5,0,0.012049595,10973.14606,85.54132648,0.004567604,-0.000744546,2.09E-05,2.294481122,82989.39531,162455.3484,64768.11955,-0.924498618,5.18E-13,3.82E-05,0.99436171,0.034936631,2.09E-05
2950714.804,766904.5224,5359632,2410016,3048747.349,899782930.5,2587874.5,0,0.012049595,10973.14606,85.54132648,0.004567604,-0.000744546,2.09E-05,1.897045451,60683.61882,147281.472,86856.90476,-0.924498618,1.11E-12,0.00024168,0.996850797,0.034936631,2.09E-05
2711335.68,951690.4781,5576893,1894811.5,2873509.341,826667907.5,2351206.5,0,0.012049595,10973.14606,85.54132648,0.004567604,-0.000744546,2.09E-05,2.286172245,77895.26529,124593.1098,117911.6965,-0.924498618,6.29E-13,4.88E-05,0.995083347,0.034936631,2.09E-05
3405833.81,680083.6262,5477816,2872151,3473070.354,1038489762,3123103,0,0.012049595,10973.14606,85.54132648,0.004567604,-0.000744546,2.09E-05,1.598859456,76554.50009,68225.5511,59363.9687,-0.924498618,8.67E-13,0.000530228,0.995099222,0.034936631,2.09E-05
2841059.105,988178.2825,5783966,2052030.5,3008008.17,866107277.5,2352698.5,0,0.012049595,10973.14606,85.54132648,0.004567604,-0.000744546,2.09E-05,2.230087239,51574.88714,98609.23712,86665.04272,-0.924498618,6.22E-13,5.11E-05,0.994447023,0.034936631,2.09E-05
2740414.876,1029215.748,5744464,1867119,2927312.547,835469610.5,2237361,0,0.012049595,10973.14606,85.54132648,0.004567604,-0.000744546,2.09E-05,2.091771622,64039.90135,122990.0193,69182.59125,-0.924498618,5.65E-13,3.78E-05,0.99419449,0.034936631,2.09E-05
2714535.81,892332.3077,5416767,1854349.5,2857439.696,827704832.5,2464855,0,0.012049595,10973.14606,85.54132648,0.004567604,-0.000744546,2.09E-05,2.399066576,24754.09243,125452.8945,141915.0647,-0.924498618,6.39E-13,5.39E-05,0.996498608,0.034936631,2.09E-05
3564426.183,664292.6238,4486767,2506929.5,3625799.044,1087746221,3677769,0,0.012049595,10973.14606,85.54132648,0.004567604,-0.000744546,2.09E-05,2.328108336,-127176.3567,17194.4646,114121.6951,-0.924498618,-1.35E-12,0.000533995,0.990175923,0.034936631,2.09E-05
4627139.876,988796.9633,5876261,2961311,4731611.022,1411899878,4913835,0,0.012049595,10973.14606,85.54132648,0.004567604,-0.000744546,2.09E-05,2.337198744,-112198.0118,-108333.6378,12801.1535,-0.924498618,-6.34E-13,0.000132058,0.991985001,0.034936631,2.09E-05
2718347.248,865794.5068,5306491,1903266.5,2852895.352,828908591.5,2458974.5,0,0.012049595,10973.14606,85.54132648,0.004567604,-0.000744546,2.09E-05,2.444135402,9023.514109,123201.1831,131890.9498,-0.924498618,7.02E-13,6.91E-05,0.996701781,0.034936631,2.09E-05
2762419.353,849389.2076,5303098,1932052.5,2890055.831,842361997.5,2545728.5,0,0.012049595,10973.14606,85.54132648,0.004567604,-0.000744546,2.09E-05,2.478898046,926.6449718,103922.6614,141093.0975,-0.924498618,6.98E-13,7.54E-05,0.997710291,0.034936631,2.09E-05
3438998.34,419903.6054,4269285,2992630,3464538.731,1049073006,3374892.5,0,0.012049595,10973.14606,85.54132648,0.004567604,-0.000744546,2.09E-05,1.837886168,-74279.18449,-19844.51787,119651.7456,-0.924498618,-4.43E-12,0.012368699,1.001844976,0.034936631,2.09E-05
3947636.627,811686.7725,5021027,2597474.5,4030219.642,1204750585,4122889,0,0.012049595,10973.14606,85.54132648,0.004567604,-0.000744546,2.09E-05,2.408696724,-112195.9338,-94057.48784,85764.5115,-0.924498618,-8.63E-13,0.000193554,0.986630799,0.034936631,2.09E-05
3539882.974,716946.1222,5693864,2893353.5,3611756.25,1079326501,3305944.5,0,0.012049595,10973.14606,85.54132648,0.004567604,-0.000744546,2.09E-05,1.855797109,64215.33558,115541.2659,5626.263852,-0.924498618,6.95E-13,0.000425633,0.995430596,0.034936631,2.09E-05
2752784.542,854104.8046,5278785,1921798.5,2882241.793,839368719.5,2547617,0,0.012049595,10973.14606,85.54132648,0.004567604,-0.000744546,2.09E-05,2.488685873,35611.40682,108057.5121,135983.9069,-0.924498618,6.83E-13,6.95E-05,0.996962699,0.034936631,2.09E-05
2696854.542,974582.778,5667269,1878159,2867548.782,822230125.5,2268055,0,0.012049595,10973.14606,85.54132648,0.004567604,-0.000744546,2.09E-05,2.186835632,82287.92062,135697.7874,114970.1636,-0.924498618,6.24E-13,4.64E-05,0.995170959,0.034936631,2.09E-05
2696535.425,933941.4026,5472953,1890167,2853690.565,822217189.5,2350401,0,0.012049595,10973.14606,85.54132648,0.004567604,-0.000744546,2.09E-05,2.298677219,74260.08867,147501.2621,136701.3164,-0.924498618,6.56E-13,5.23E-05,0.995248572,0.034936631,2.09E-05
3618677.771,397465.5735,4239856,3138927,3640440.591,1103970181,3587532,0,0.012049595,10973.14606,85.54132648,0.004567604,-0.000744546,2.09E-05,1.585137396,2806.789299,29275.4602,54524.69043,-0.924498618,-7.59E-12,0.025484707,0.997580364,0.034936631,2.09E-05
3613732.209,683826.8216,4592032,2443368.5,3677863.456,1102861450,3732460,0,0.012049595,10973.14606,85.54132648,0.004567604,-0.000744546,2.09E-05,2.348454724,-99096.14622,-1632.243477,83049.035,-0.924498618,-1.27E-12,0.000463831,0.98852653,0.034936631,2.09E-05
2693534.699,912311.9313,5402904,1846418.5,2843842.864,821314623.5,2409332,0,0.012049595,10973.14606,85.54132648,0.004567604,-0.000744546,2.09E-05,2.360673227,50748.30649,102316.5194,155656.3613,-0.924498618,6.47E-13,5.27E-05,0.995555403,0.034936631,2.09E-05
2916438.673,665126.3137,4848959,2206131,2991322.04,889522512.5,2819898.5,0,0.012049595,10973.14606,85.54132648,0.004567604,-0.000744546,2.09E-05,2.400987454,-26891.78254,51851.95371,164316.8471,-0.924498618,5.72E-13,0.000208965,1.00132372,0.034936631,2.09E-05
2769696.536,1029367.726,5840288,1911018,2954795.563,844352541.5,2280060.5,0,0.012049595,10973.14606,85.54132648,0.004567604,-0.000744546,2.09E-05,2.075835592,73624.87546,125185.296,70632.31334,-0.924498618,5.65E-13,3.91E-05,0.994001406,0.034936631,2.09E-05
3842844.392,363049.6672,4941972,3617150.5,3859955.71,1171956800,3740771.5,0,0.012049595,10973.14606,85.54132648,0.004567604,-0.000744546,2.09E-05,1.152989766,-362.9568322,78572.60453,1078.24538,-0.924498618,-1.21E-11,0.073392516,0.998937253,0.034936631,2.09E-05
2714631.052,982747.3781,5629890,1899755,2887042.459,827639686.5,2296213,0,0.012049595,10973.14606,85.54132648,0.004567604,-0.000744546,2.09E-05,2.223999591,46075.08278,140406.7829,117324.6604,-0.924498618,6.13E-13,4.52E-05,0.993847443,0.034936631,2.09E-05
2731151.065,863443.4212,5335921,1884147.5,2864388.361,832793585.5,2524397.5,0,0.012049595,10973.14606,85.54132648,0.004567604,-0.000744546,2.09E-05,2.456488346,37.15327063,134655.9487,162062.9741,-0.924498618,6.83E-13,6.65E-05,0.997385136,0.034936631,2.09E-05
2732136.608,860946.7708,5279873,1892076.5,2864576.72,833117931.5,2512919.5,0,0.012049595,10973.14606,85.54132648,0.004567604,-0.000744546,2.09E-05,2.483367962,-3701.478071,128264.0525,137774.8925,-0.924498618,6.70E-13,6.37E-05,0.996838881,0.034936631,2.09E-05
3049578.444,1075940.789,6139633,2053152,3233817.755,929555252.5,2657230,0,0.012049595,10973.14606,85.54132648,0.004567604,-0.000744546,2.09E-05,2.341251881,31647.85392,149959.9565,37248.5956,-0.924498618,4.74E-13,3.41E-05,0.994025291,0.034936631,2.09E-05
2700485.444,948417.7493,5538853,1873382,2862187.601,823411327.5,2364763.5,0,0.012049595,10973.14606,85.54132648,0.004567604,-0.000744546,2.09E-05,2.286447329,41640.43163,104382.7657,135868.8866,-0.924498618,6.23E-13,4.69E-05,0.995561734,0.034936631,2.09E-05
4532073.523,507909.9912,5214738,3876113.5,4560445.48,1382579168,4698126.5,0,0.012049595,10973.14606,85.54132648,0.004567604,-0.000744546,2.09E-05,1.69155399,-47591.5706,-134041.1994,8021.721241,-0.924498618,-5.79E-12,0.018231778,0.995903184,0.034936631,2.09E-05
2720946.758,992761.989,5680602,1901949.5,2896399.079,829558977.5,2251810.5,0,0.012049595,10973.14606,85.54132648,0.004567604,-0.000744546,2.09E-05,2.154544646,67703.3103,116207.6295,77779.62386,-0.924498618,6.16E-13,4.57E-05,0.994596168,0.034936631,2.09E-05
2753492.542,894566.2471,5413750,1971583,2895163.2,839595371.5,2456590.5,0,0.012049595,10973.14606,85.54132648,0.004567604,-0.000744546,2.09E-05,2.402431206,47157.26148,97879.61076,120509.2897,-0.924498618,6.94E-13,6.75E-05,0.996549928,0.034936631,2.09E-05
2748296.817,976057.4901,5651613,1938657.5,2916474.519,837897857.5,2291714.5,0,0.012049595,10973.14606,85.54132648,0.004567604,-0.000744546,2.09E-05,2.214908551,77626.58835,144845.1986,113561.2454,-0.924498618,6.24E-13,4.76E-05,0.994724234,0.034936631,2.09E-05
3298493.588,829528.7769,5858695,2595152,3401202.426,1005657048,2995080,0,0.012049595,10973.14606,85.54132648,0.004567604,-0.000744546,2.09E-05,2.115345282,73819.85739,133843.6141,63050.66746,-0.924498618,7.28E-13,0.000150941,0.994645458,0.034936631,2.09E-05
4820571.039,770470.2322,5761301,3668564,4881754.759,1470614816,5072365,0,0.012049595,10973.14606,85.54132648,0.004567604,-0.000744546,2.09E-05,2.061993203,14917.53923,-57889.16067,-38913.41583,-0.924498618,-1.43E-12,0.001340164,0.995218488,0.034936631,2.09E-05
2937300.392,1062432.925,6029805,1999603.5,3123539.229,895414668.5,2515689,0,0.012049595,10973.14606,85.54132648,0.004567604,-0.000744546,2.09E-05,2.285360984,92118.25405,146615.3213,37574.96466,-0.924498618,5.10E-13,3.73E-05,0.993973471,0.034936631,2.09E-05
4882101.961,1088407.861,6259301,3132884.5,5001954.741,1489661833,5215043.5,0,0.012049595,10973.14606,85.54132648,0.004567604,-0.000744546,2.09E-05,2.413029775,-64237.96577,-171863.3762,3249.033658,-0.924498618,-5.34E-13,0.000103815,0.993720786,0.034936631,2.09E-05
4645966.346,993287.1404,5952425,2956520,4750960.18,1417650199,4926987.5,0,0.012049595,10973.14606,85.54132648,0.004567604,-0.000744546,2.09E-05,2.369880498,-72566.21239,-164917.362,14070.30542,-0.924498618,-6.24E-13,0.000130923,0.992548916,0.034936631,2.09E-05
2894128.059,1069799.991,6043170,1998557,3085522.523,882194344.5,2452219.5,0,0.012049595,10973.14606,85.54132648,0.004567604,-0.000744546,2.09E-05,2.230066559,69090.72641,130637.721,43702.3766,-0.924498618,5.15E-13,3.59E-05,0.99381896,0.034936631,2.09E-05
2908558.542,1066199.378,6031683,1977392,3097820.832,886593225.5,2509043.5,0,0.012049595,10973.14606,85.54132648,0.004567604,-0.000744546,2.09E-05,2.295592551,53092.33355,152683.8552,45916.94587,-0.924498618,5.04E-13,3.44E-05,0.993955133,0.034936631,2.09E-05
2839589.791,990753.0376,5809453,2041859.5,3007467.666,865707460.5,2356533.5,0,0.012049595,10973.14606,85.54132648,0.004567604,-0.000744546,2.09E-05,2.201663516,39703.75342,153913.7327,86160.30192,-0.924498618,6.09E-13,4.79E-05,0.994235706,0.034936631,2.09E-05
3611877.118,416143.1742,4294084,3106442,3635771.095,1101894652,3610140.5,0,0.012049595,10973.14606,85.54132648,0.004567604,-0.000744546,2.09E-05,1.843984399,-92233.792,47564.12965,94751.50016,-0.924498618,-6.13E-12,0.017998976,0.998155506,0.034936631,2.09E-05
2953293.34,1050861.092,6029794,2047381,3134685.086,900237801.5,2541523,0,0.012049595,10973.14606,85.54132648,0.004567604,-0.000744546,2.09E-05,2.293756402,29781.02691,158185.3676,41659.01125,-0.924498618,5.17E-13,3.84E-05,0.994420146,0.034936631,2.09E-05
2699523.85,884589.8752,5305914,1854473.5,2840761.916,823095320.5,2459540.5,0,0.012049595,10973.14606,85.54132648,0.004567604,-0.000744546,2.09E-05,2.44110714,13718.14074,119852.1012,142845.3101,-0.924498618,6.61E-13,5.74E-05,0.996519038,0.034936631,2.09E-05
2719159.242,941446.5957,5569406,1938268.5,2877524.748,829071976.5,2358329.5,0,0.012049595,10973.14606,85.54132648,0.004567604,-0.000744546,2.09E-05,2.290041095,43017.868,121908.7609,127107.0202,-0.924498618,6.54E-13,5.26E-05,0.994928097,0.034936631,2.09E-05
3447475.863,639732.1377,4361270,2475818,3506329.567,1052017559,3535968,0,0.012049595,10973.14606,85.54132648,0.004567604,-0.000744546,2.09E-05,2.31508199,-131471.3758,-4698.464782,125502.7059,-0.924498618,-1.38E-12,0.000541233,0.992324052,0.034936631,2.09E-05
3248108.771,486857.7714,4654684,2793401,3284393.563,990677322.5,3146930.5,0,0.012049595,10973.14606,85.54132648,0.004567604,-0.000744546,2.09E-05,1.928534591,-14127.89646,23692.33869,73895.96158,-0.924498618,-9.95E-14,0.003446223,1.000911462,0.034936631,2.09E-05
2699120.046,986274.2618,5561956,1865561,2873671.161,822912965.5,2256194.5,0,0.012049595,10973.14606,85.54132648,0.004567604,-0.000744546,2.09E-05,2.226893386,65717.37218,124027.4736,94722.69732,-0.924498618,5.98E-13,4.11E-05,0.994253153,0.034936631,2.09E-05
2919250.595,743134.2435,5209332,2212982.5,3012353.322,890227345.5,2724805.5,0,0.012049595,10973.14606,85.54132648,0.004567604,-0.000744546,2.09E-05,2.14209999,45762.37574,115211.3304,145462.2335,-0.924498618,8.28E-13,0.000164501,0.997786606,0.034936631,2.09E-05
2698944.118,975912.9832,5651095,1870447.5,2869966.115,822888765.5,2290629.5,0,0.012049595,10973.14606,85.54132648,0.004567604,-0.000744546,2.09E-05,2.217768273,91075.39274,151212.4909,118361.7033,-0.924498618,6.13E-13,4.48E-05,0.9947711,0.034936631,2.09E-05
2767517.444,827218.3644,5241590,1944921,2888501.866,843924049.5,2610077,0,0.012049595,10973.14606,85.54132648,0.004567604,-0.000744546,2.09E-05,2.498307294,42449.36796,123635.9751,139798.686,-0.924498618,7.01E-13,8.11E-05,0.998191004,0.034936631,2.09E-05
3099528.196,1120780.256,6301320,2043275.5,3295940.445,944745469.5,2726355.5,0,0.012049595,10973.14606,85.54132648,0.004567604,-0.000744546,2.09E-05,2.432655994,94555.17652,156899.3976,34110.51001,-0.924498618,4.34E-13,3.06E-05,0.993982562,0.034936631,2.09E-05
3119595.614,1039640.456,6143993,2154773,3288271.442,950955779.5,2757819,0,0.012049595,10973.14606,85.54132648,0.004567604,-0.000744546,2.09E-05,2.347407984,92870.0614,136520.3056,59307.2217,-0.924498618,4.96E-13,4.04E-05,0.994447206,0.034936631,2.09E-05
2719074.464,857005.9553,5209267,1857206.5,2850934.083,829104396.5,2530944,0,0.012049595,10973.14606,85.54132648,0.004567604,-0.000744546,2.09E-05,2.500793874,23466.27174,92619.24197,165579.0294,-0.924498618,6.65E-13,6.42E-05,0.997184617,0.034936631,2.09E-05
4897745.268,1065247.561,6218749,3203000.5,5012251.099,1494394409,5247147.5,0,0.012049595,10973.14606,85.54132648,0.004567604,-0.000744546,2.09E-05,2.338045659,-73582.78257,-152307.3331,-30397.98346,-0.924498618,-5.76E-13,0.000131866,0.993788368,0.034936631,2.09E-05
4081494.588,315127.6623,5045213,3906008.5,4093641.84,1244771517,4037687.5,0,0.012049595,10973.14606,85.54132648,0.004567604,-0.000744546,2.09E-05,1.300267073,25371.28831,64807.1037,-8520.436767,-0.924498618,-3.34E-11,0.287910531,1.001388443,0.034936631,2.09E-05
2770445.902,1025935.671,5812333,1917604.5,2954304.401,844601351.5,2264396,0,0.012049595,10973.14606,85.54132648,0.004567604,-0.000744546,2.09E-05,2.080220687,41917.60547,150867.455,88410.9704,-0.924498618,5.70E-13,3.93E-05,0.994022392,0.034936631,2.09E-05
2738204.183,864433.6743,5330375,1907196,2871412.148,834925616.5,2515511.5,0,0.012049595,10973.14606,85.54132648,0.004567604,-0.000744546,2.09E-05,2.475432817,2900.608378,131452.2758,164745.0119,-0.924498618,6.76E-13,6.48E-05,0.996769799,0.034936631,2.09E-05
2743161.817,922485.4454,5495743,1955599,2894117.508,836376416.5,2404752,0,0.012049595,10973.14606,85.54132648,0.004567604,-0.000744546,2.09E-05,2.352993626,34787.4501,132595.1204,112045.7725,-0.924498618,6.63E-13,5.63E-05,0.995366052,0.034936631,2.09E-05
2745911.922,855857.039,5341426,1880187,2876199.498,837252184.5,2539091,0,0.012049595,10973.14606,85.54132648,0.004567604,-0.000744546,2.09E-05,2.461381416,26.67796098,106513.7731,147156.2852,-0.924498618,6.69E-13,6.72E-05,0.996774828,0.034936631,2.09E-05
2729332.255,897591.7686,5394334,1940828,2873138.622,832245657.5,2410472.5,0,0.012049595,10973.14606,85.54132648,0.004567604,-0.000744546,2.09E-05,2.374045195,30111.63775,96455.83924,139152.4973,-0.924498618,6.85E-13,5.93E-05,0.995871344,0.034936631,2.09E-05
4282412.647,326243.502,5016820,4025211.5,4294821.638,1306166220,4344211.5,0,0.012049595,10973.14606,85.54132648,0.004567604,-0.000744546,2.09E-05,0.90252586,-70500.67898,-98306.47364,14366.4109,-0.924498618,-3.59E-11,0.3005528,1.001257551,0.034936631,2.09E-05
4725392.562,841300.5808,5789161,3376287.5,4799700.15,1441690685,4970620,0,0.012049595,10973.14606,85.54132648,0.004567604,-0.000744546,2.09E-05,2.188665514,-56410.18127,-132564.3623,-24696.62451,-0.924498618,-1.07E-12,0.000629368,0.99362989,0.034936631,2.09E-05
4578769.209,899909.4751,5761930,3053041,4666365.238,1397060190,4866179.5,0,0.012049595,10973.14606,85.54132648,0.004567604,-0.000744546,2.09E-05,2.266261559,-66160.21809,-128485.6151,-10706.25846,-0.924498618,-8.17E-13,0.00027284,0.992657762,0.034936631,2.09E-05
3577878.307,391744.7114,4288584,3131563.5,3599260.632,1091475124,3547693,0,0.012049595,10973.14606,85.54132648,0.004567604,-0.000744546,2.09E-05,1.628110234,-11164.8712,40240.53524,103333.4192,-0.924498618,-7.66E-12,0.026352768,0.99959892,0.034936631,2.09E-05
2734812.843,982682.1015,5696747,1920285.5,2906005.058,833798519.5,2269930,0,0.012049595,10973.14606,85.54132648,0.004567604,-0.000744546,2.09E-05,2.167964137,77995.86908,149769.2921,105324.6335,-0.924498618,6.28E-13,4.97E-05,0.994674834,0.034936631,2.09E-05
3094400.693,792734.3053,5508558,2460407,3194329.871,943487344.5,2724167.5,0,0.012049595,10973.14606,85.54132648,0.004567604,-0.000744546,2.09E-05,2.029194451,91480.61164,130948.9146,36462.08848,-0.924498618,8.31E-13,0.000148594,0.994168241,0.034936631,2.09E-05
2753867.712,926166.1971,5495742,1973340.5,2905438.212,839666686.5,2395878,0,0.012049595,10973.14606,85.54132648,0.004567604,-0.000744546,2.09E-05,2.308690895,76362.67256,114797.0234,96841.00781,-0.924498618,6.69E-13,5.65E-05,0.995259908,0.034936631,2.09E-05
3588617.719,684971.4171,4542401,2385195.5,3653404.299,1095180316,3711759,0,0.012049595,10973.14606,85.54132648,0.004567604,-0.000744546,2.09E-05,2.33962528,-97007.91497,-17924.43627,112945.6602,-0.924498618,-1.26E-12,0.000438924,0.988331262,0.034936631,2.09E-05
3067674.131,1064134.097,6252174,2098149,3246999.53,935113699.5,2673395.5,0,0.012049595,10973.14606,85.54132648,0.004567604,-0.000744546,2.09E-05,2.314802882,70118.43989,134886.4329,59485.39424,-0.924498618,4.89E-13,3.88E-05,0.993665902,0.034936631,2.09E-05
4868221.908,935502.9861,6064997,3361006.5,4957292.647,1485278301,5154377.5,0,0.012049595,10973.14606,85.54132648,0.004567604,-0.000744546,2.09E-05,2.231536532,-56797.62292,-134637.5503,-36893.25843,-0.924498618,-8.14E-13,0.000349983,0.994354952,0.034936631,2.09E-05
2913750.627,696684.8523,5001975,2181413.5,2995882.592,888676864.5,2813461.5,0,0.012049595,10973.14606,85.54132648,0.004567604,-0.000744546,2.09E-05,2.351592905,-36593.88042,77468.58241,139683.0833,-0.924498618,6.68E-13,0.000185277,1.000690274,0.034936631,2.09E-05
2882941.549,1007078.337,5846311,2096401,3053777.784,878883442.5,2397460.5,0,0.012049595,10973.14606,85.54132648,0.004567604,-0.000744546,2.09E-05,2.242781998,36280.49417,157684.7094,88339.62347,-0.924498618,5.99E-13,4.88E-05,0.994573966,0.034936631,2.09E-05
2739721.817,860583.5533,5327776,1875748,2871703.273,835417525.5,2535162,0,0.012049595,10973.14606,85.54132648,0.004567604,-0.000744546,2.09E-05,2.486416898,-2036.519687,127042.8187,165138.7768,-0.924498618,6.62E-13,6.56E-05,0.997263895,0.034936631,2.09E-05
3677113.83,461418.7563,5030414,3348918.5,3705951.077,1121285394,3516479.5,0,0.012049595,10973.14606,85.54132648,0.004567604,-0.000744546,2.09E-05,1.681640434,-42845.80659,85600.68657,11031.2526,-0.924498618,-1.32E-12,0.010739606,0.996423226,0.034936631,2.09E-05
3111342.366,1079256.394,6318672,2104075,3293212.062,948370930.5,2747446.5,0,0.012049595,10973.14606,85.54132648,0.004567604,-0.000744546,2.09E-05,2.330155672,42483.59485,151980.103,38256.06948,-0.924498618,4.66E-13,3.59E-05,0.993875871,0.034936631,2.09E-05
2737536.536,856154.881,5266354,1904673,2868293.476,834723437.5,2532185.5,0,0.012049595,10973.14606,85.54132648,0.004567604,-0.000744546,2.09E-05,2.491307641,4491.476414,99744.08228,161897.6549,-0.924498618,6.82E-13,6.85E-05,0.996843856,0.034936631,2.09E-05
3035402.222,1059530.546,6102180,2102343.5,3215007.252,925232489.5,2624585.5,0,0.012049595,10973.14606,85.54132648,0.004567604,-0.000744546,2.09E-05,2.32850828,75075.64674,127501.2321,58942.24178,-0.924498618,5.08E-13,4.01E-05,0.993882859,0.034936631,2.09E-05
2766603.02,1039082.085,5858854,1911644.5,2955297.59,843396649.5,2274997.5,0,0.012049595,10973.14606,85.54132648,0.004567604,-0.000744546,2.09E-05,2.063141915,64273.84821,133216.4173,63061.90023,-0.924498618,5.62E-13,3.94E-05,0.993859029,0.034936631,2.09E-05
2735472.379,1001106.746,5711729,1892704.5,2912906.427,833981142.5,2318042.5,0,0.012049595,10973.14606,85.54132648,0.004567604,-0.000744546,2.09E-05,2.192619075,81141.25363,131747.7673,88839.94869,-0.924498618,5.96E-13,4.38E-05,0.993741889,0.034936631,2.09E-05
3084395.373,594298.9337,4577959,2422857.5,3141128.147,940890063.5,3047169.5,0,0.012049595,10973.14606,85.54132648,0.004567604,-0.000744546,2.09E-05,2.35252095,-48059.32199,85807.0621,165396.9699,-0.924498618,-1.32E-13,0.000425741,1.00283552,0.034936631,2.09E-05
2923870.895,921836.498,5665023,2186719.5,3065746.816,891444326.5,2481128,0,0.012049595,10973.14606,85.54132648,0.004567604,-0.000744546,2.09E-05,2.294229369,86685.39382,154550.0925,88144.81801,-0.924498618,7.03E-13,7.48E-05,0.994054602,0.034936631,2.09E-05
2747935.758,1013255.607,5738181,1898987.5,2928794.608,837772275.5,2263155,0,0.012049595,10973.14606,85.54132648,0.004567604,-0.000744546,2.09E-05,2.117802032,89131.05185,142364.2751,70778.08134,-0.924498618,5.78E-13,3.96E-05,0.993952233,0.034936631,2.09E-05
2701473.157,940801.7301,5503383,1865892,2860605.725,823660794.5,2383380,0,0.012049595,10973.14606,85.54132648,0.004567604,-0.000744546,2.09E-05,2.301596221,74851.61261,123370.3835,127718.567,-0.924498618,6.24E-13,4.67E-05,0.996093183,0.034936631,2.09E-05
2738969.948,856818.6796,5338142,1871493.5,2869859.687,835166223.5,2557345,0,0.012049595,10973.14606,85.54132648,0.004567604,-0.000744546,2.09E-05,2.461828097,31661.936,91781.86825,166915.2277,-0.924498618,6.68E-13,6.67E-05,0.99716006,0.034936631,2.09E-05
2909245.935,1092428.118,6051222,1934804.5,3107589.275,886788215.5,2491092,0,0.012049595,10973.14606,85.54132648,0.004567604,-0.000744546,2.09E-05,2.274140716,68954.68219,133392.0497,61473.60998,-0.924498618,4.80E-13,3.10E-05,0.993997378,0.034936631,2.09E-05
2720379.438,881288.8077,5375993,1876221,2859568.892,829516218.5,2488931.5,0,0.012049595,10973.14606,85.54132648,0.004567604,-0.000744546,2.09E-05,2.434669859,43192.90507,104588.2286,137088.3039,-0.924498618,6.60E-13,5.88E-05,0.996634539,0.034936631,2.09E-05
2735225.451,861495.0451,5316930,1912470,2867687.567,834003719.5,2497944.5,0,0.012049595,10973.14606,85.54132648,0.004567604,-0.000744546,2.09E-05,2.465590196,13943.78473,108853.3235,140712.0452,-0.924498618,6.99E-13,7.00E-05,0.996969061,0.034936631,2.09E-05
2768312.052,835145.2747,5305350,1992705.5,2891542.711,844174876.5,2551587.5,0,0.012049595,10973.14606,85.54132648,0.004567604,-0.000744546,2.09E-05,2.466492285,-6945.197206,120183.0014,157436.6429,-0.924498618,7.51E-13,8.96E-05,0.997094407,0.034936631,2.09E-05
2729275.719,974787.9462,5634518,1921964.5,2898129.999,832114267.5,2265037,0,0.012049595,10973.14606,85.54132648,0.004567604,-0.000744546,2.09E-05,2.19336557,35546.84426,149026.3698,103105.2977,-0.924498618,6.33E-13,4.81E-05,0.994645346,0.034936631,2.09E-05
2795999.595,834704.4595,5297637,2091060.5,2917935.104,852565061.5,2491081,0,0.012049595,10973.14606,85.54132648,0.004567604,-0.000744546,2.09E-05,2.383986018,13510.3593,124920.1793,105556.7216,-0.924498618,8.02E-13,9.68E-05,0.995986065,0.034936631,2.09E-05
2839578.235,1056696.226,5956030,1974977.5,3029820.369,865656606.5,2359026.5,0,0.012049595,10973.14606,85.54132648,0.004567604,-0.000744546,2.09E-05,2.15707984,35728.9781,147466.3423,55972.14778,-0.924498618,5.31E-13,3.57E-05,0.994022764,0.034936631,2.09E-05
4468028.431,985658.2941,5740633,2813571.5,4575456.298,1363475091,4764027.5,0,0.012049595,10973.14606,85.54132648,0.004567604,-0.000744546,2.09E-05,2.421841397,-116221.6669,-131539.2824,37604.1766,-0.924498618,-6.05E-13,9.11E-05,0.989980422,0.034936631,2.09E-05
2887364.647,1085478.583,6091910,1949327.5,3084661.79,880149589.5,2444725,0,0.012049595,10973.14606,85.54132648,0.004567604,-0.000744546,2.09E-05,2.273938157,48376.34869,121208.5386,64178.86775,-0.924498618,4.94E-13,3.35E-05,0.994370082,0.034936631,2.09E-05
2728296.346,1003531.766,5710026,1891897,2907004.809,831772792.5,2267404.5,0,0.012049595,10973.14606,85.54132648,0.004567604,-0.000744546,2.09E-05,2.16780008,60856.15657,122181.2422,86393.26004,-0.924498618,5.87E-13,4.05E-05,0.993489064,0.034936631,2.09E-05
3224991.49,1045280.184,6260347,2221412.5,3390159.403,983114466.5,2884073.5,0,0.012049595,10973.14606,85.54132648,0.004567604,-0.000744546,2.09E-05,2.370304118,68037.65926,147894.2247,26197.51905,-0.924498618,4.90E-13,4.71E-05,0.994830946,0.034936631,2.09E-05
2749408.327,856257.0025,5279189,1881995,2879656.612,838374276.5,2557931.5,0,0.012049595,10973.14606,85.54132648,0.004567604,-0.000744546,2.09E-05,2.489908639,33673.218,134959.4669,170108.8301,-0.924498618,6.57E-13,6.57E-05,0.997251191,0.034936631,2.09E-05
2690986.693,928564.776,5423446,1858517,2846689.643,820490723.5,2380880,0,0.012049595,10973.14606,85.54132648,0.004567604,-0.000744546,2.09E-05,2.339499577,83045.28178,136690.2683,139339.6293,-0.924498618,6.35E-13,4.96E-05,0.995732043,0.034936631,2.09E-05
2682886.68,891868.0442,5336929,1833551.5,2827244.161,818013968.5,2420864,0,0.012049595,10973.14606,85.54132648,0.004567604,-0.000744546,2.09E-05,2.409994159,73150.29047,114130.2784,134111.4979,-0.924498618,6.58E-13,5.54E-05,0.99619112,0.034936631,2.09E-05
2937009.824,1102380.537,6157457,1917861.5,3137079.781,895240889.5,2535354,0,0.012049595,10973.14606,85.54132648,0.004567604,-0.000744546,2.09E-05,2.376162532,71762.92271,159266.9691,40883.42093,-0.924498618,4.67E-13,3.10E-05,0.994378293,0.034936631,2.09E-05
2692091.392,992568.6976,5658279,1853959.5,2869241.831,820756985.5,2272045,0,0.012049595,10973.14606,85.54132648,0.004567604,-0.000744546,2.09E-05,2.19564561,75316.65213,110213.7364,119113.7352,-0.924498618,5.95E-13,4.13E-05,0.994185237,0.034936631,2.09E-05
2742227.092,992081.5707,5682790,1921039.5,2916167.907,836028258.5,2279180,0,0.012049595,10973.14606,85.54132648,0.004567604,-0.000744546,2.09E-05,2.188113982,65603.3593,98039.01759,108451.4896,-0.924498618,6.18E-13,4.83E-05,0.994616387,0.034936631,2.09E-05
3900311.065,798986.7254,4990118,2564095.5,3981307.096,1190398966,4091815,0,0.012049595,10973.14606,85.54132648,0.004567604,-0.000744546,2.09E-05,2.404893772,-97110.86663,-60871.47585,64532.32524,-0.924498618,-9.01E-13,0.000212567,0.985373424,0.034936631,2.09E-05
2709287.425,912424.652,5394199,1884207.5,2858803.438,826093566.5,2421155.5,0,0.012049595,10973.14606,85.54132648,0.004567604,-0.000744546,2.09E-05,2.374737033,42692.42805,117428.6102,129780.1923,-0.924498618,6.47E-13,5.29E-05,0.995864675,0.034936631,2.09E-05
2719694.516,992007.1173,5677762,1902167.5,2894963.969,829183109.5,2281355.5,0,0.012049595,10973.14606,85.54132648,0.004567604,-0.000744546,2.09E-05,2.185316684,47587.5389,154934.2827,109521.2062,-0.924498618,6.07E-13,4.43E-05,0.99386924,0.034936631,2.09E-05
3656733.346,408936.7926,5074236,3384462.5,3679528.24,1115201046,3507076.5,0,0.012049595,10973.14606,85.54132648,0.004567604,-0.000744546,2.09E-05,1.515272228,-7990.721666,118819.705,42608.96031,-0.924498618,-3.90E-12,0.02410965,0.998158782,0.034936631,2.09E-05
3485774.412,644600.8985,4404657,2493628,3544874.267,1063715647,3582310.5,0,0.012049595,10973.14606,85.54132648,0.004567604,-0.000744546,2.09E-05,2.324112964,-145323.2557,24527.6603,101847.8418,-0.924498618,-1.40E-12,0.000567664,0.992467298,0.034936631,2.09E-05
2738564.111,870625.9833,5352184,1919129,2873625.409,835006912.5,2484212.5,0,0.012049595,10973.14606,85.54132648,0.004567604,-0.000744546,2.09E-05,2.458698689,8052.276125,111512.6028,137057.3799,-0.924498618,6.94E-13,6.85E-05,0.996580302,0.034936631,2.09E-05
2792147.02,774157.7915,5136865,2011723.5,2897482.574,851460262.5,2659246,0,0.012049595,10973.14606,85.54132648,0.004567604,-0.000744546,2.09E-05,2.482250119,-22114.20942,74589.6678,166272.2881,-0.924498618,7.48E-13,0.000108589,0.998660767,0.034936631,2.09E-05
2917612.196,1096226.829,6105487,1934858.5,3116756.998,889353234.5,2499537,0,0.012049595,10973.14606,85.54132648,0.004567604,-0.000744546,2.09E-05,2.335313548,47623.48083,128905.6964,68635.09168,-0.924498618,4.73E-13,3.05E-05,0.994106801,0.034936631,2.09E-05
3640129.242,369973.3435,4791120,3349716.5,3658882.503,1110422057,3571111,0,0.012049595,10973.14606,85.54132648,0.004567604,-0.000744546,2.09E-05,1.45358965,-34412.91432,-38838.68006,54931.53081,-0.924498618,-9.16E-12,0.046022309,1.001527603,0.034936631,2.09E-05
2900778.137,1055096.705,5937328,1989981.5,3086704.206,884216867.5,2483651,0,0.012049595,10973.14606,85.54132648,0.004567604,-0.000744546,2.09E-05,2.304567329,67075.16057,142365.3725,46017.77288,-0.924498618,5.15E-13,3.48E-05,0.993722155,0.034936631,2.09E-05
2729761.098,894870.5953,5384702,1886035.5,2872697.171,832356828.5,2479486,0,0.012049595,10973.14606,85.54132648,0.004567604,-0.000744546,2.09E-05,2.430028216,61713.50686,137867.3357,155060.2739,-0.924498618,6.50E-13,5.67E-05,0.996220492,0.034936631,2.09E-05
3059664.588,1070904.889,6171634,2066689,3241663.874,932628489.5,2683186,0,0.012049595,10973.14606,85.54132648,0.004567604,-0.000744546,2.09E-05,2.337108897,99356.57636,173096.8633,51210.35431,-0.924498618,4.73E-13,3.51E-05,0.993846047,0.034936631,2.09E-05
3144392.268,856322.9671,5656419,2400662.5,3258909.597,958622250.5,2796569,0,0.012049595,10973.14606,85.54132648,0.004567604,-0.000744546,2.09E-05,2.043272356,98670.00939,135272.9487,29996.87859,-0.924498618,7.03E-13,0.000100397,0.994026011,0.034936631,2.09E-05
3079626.34,1071990.77,6229128,2087985,3260868.382,938732512.5,2716973.5,0,0.012049595,10973.14606,85.54132648,0.004567604,-0.000744546,2.09E-05,2.322619768,86083.67561,168264.5342,40311.00209,-0.924498618,4.73E-13,3.60E-05,0.993548119,0.034936631,2.09E-05
2725223.889,999402.5599,5649826,1895581.5,2902697.146,830886839.5,2266069.5,0,0.012049595,10973.14606,85.54132648,0.004567604,-0.000744546,2.09E-05,2.173304953,73377.95028,117044.7637,101129.6128,-0.924498618,5.98E-13,4.25E-05,0.994435378,0.034936631,2.09E-05
2735750.235,905215.8009,5461935,1932620.5,2881621.938,834186687.5,2410612.5,0,0.012049595,10973.14606,85.54132648,0.004567604,-0.000744546,2.09E-05,2.351253945,52000.34804,92986.59582,144392.2731,-0.924498618,6.72E-13,5.98E-05,0.995455105,0.034936631,2.09E-05
3648904.49,481254.184,5245649,3304907,3680503.983,1112727407,3460994.5,0,0.012049595,10973.14606,85.54132648,0.004567604,-0.000744546,2.09E-05,1.367265667,-24448.46044,-9266.053503,14685.77475,-0.924498618,-7.68E-13,0.007574208,0.997119727,0.034936631,2.09E-05
3041459.098,986553.242,5898512,2189815,3197461.61,927202620.5,2663975.5,0,0.012049595,10973.14606,85.54132648,0.004567604,-0.000744546,2.09E-05,2.335300224,50101.31284,126853.3986,33018.70796,-0.924498618,5.73E-13,5.02E-05,0.99399844,0.034936631,2.09E-05
3291276.556,588985.9764,4357931,2475533.5,3343561.85,1004202761,3308170,0,0.012049595,10973.14606,85.54132648,0.004567604,-0.000744546,2.09E-05,2.394754133,-113460.5296,51771.3309,141162.4157,-0.924498618,-1.22E-12,0.000652134,0.998752686,0.034936631,2.09E-05
2759126.837,940820.7262,5565911,1981290.5,2915119.987,841219882.5,2367014,0,0.012049595,10973.14606,85.54132648,0.004567604,-0.000744546,2.09E-05,2.293322148,28872.04624,151037.979,124127.2728,-0.924498618,6.67E-13,5.65E-05,0.994958536,0.034936631,2.09E-05
3538769.569,652702.6065,4507013,2493661,3598459.497,1079932871,3633050,0,0.012049595,10973.14606,85.54132648,0.004567604,-0.000744546,2.09E-05,2.354103061,-134334.2191,27884.40733,93327.73901,-0.924498618,-1.35E-12,0.000555256,0.990117802,0.034936631,2.09E-05
3837982.928,717791.9285,4845135,2604890.5,3904527.911,1171238149,3996984.5,0,0.012049595,10973.14606,85.54132648,0.004567604,-0.000744546,2.09E-05,2.369009107,-133313.1159,-37091.90412,59191.96202,-0.924498618,-1.13E-12,0.000425407,0.987362518,0.034936631,2.09E-05
4348261.092,366890.2537,4893993,3969837.5,4363712.064,1326371813,4423829.5,0,0.012049595,10973.14606,85.54132648,0.004567604,-0.000744546,2.09E-05,1.35674929,-8002.075062,-62948.84445,12440.51999,-0.924498618,-2.16E-11,0.143434522,1.000474207,0.034936631,2.09E-05
2726998.843,986011.6471,5696848,1893046,2899783.036,831415736.5,2294988,0,0.012049595,10973.14606,85.54132648,0.004567604,-0.000744546,2.09E-05,2.207181866,61460.60239,106811.8634,111926.9721,-0.924498618,6.06E-13,4.50E-05,0.994128392,0.034936631,2.09E-05
3204188.007,950082.0476,6036496,2356106,3342076.701,976794441.5,2867437.5,0,0.012049595,10973.14606,85.54132648,0.004567604,-0.000744546,2.09E-05,2.316294503,69833.31955,121318.1249,27120.19421,-0.924498618,5.87E-13,6.71E-05,0.994356238,0.034936631,2.09E-05
2714596.68,1003304.169,5664736,1866872.5,2894072.285,827647708.5,2258264.5,0,0.012049595,10973.14606,85.54132648,0.004567604,-0.000744546,2.09E-05,2.160175909,73777.96666,128154.1815,84010.40331,-0.924498618,5.90E-13,4.13E-05,0.993968284,0.034936631,2.09E-05
2889289.458,1074697.25,6012524,1974292.5,3082688.396,880734686.5,2441411,0,0.012049595,10973.14606,85.54132648,0.004567604,-0.000744546,2.09E-05,2.237573757,78841.38384,166255.0266,72388.71773,-0.924498618,5.08E-13,3.49E-05,0.994217068,0.034936631,2.09E-05
3343535.085,843023.5357,5822606,2574119.5,3448175.684,1019293224,3053860,0,0.012049595,10973.14606,85.54132648,0.004567604,-0.000744546,2.09E-05,2.179935481,93953.22316,175719.9487,48477.36999,-0.924498618,6.55E-13,0.000122485,0.994275802,0.034936631,2.09E-05
2718700.915,997274.4588,5691509,1873077.5,2895840.295,828890947.5,2264731,0,0.012049595,10973.14606,85.54132648,0.004567604,-0.000744546,2.09E-05,2.174602959,93607.29347,138691.2935,86509.28251,-0.924498618,5.89E-13,4.06E-05,0.994347403,0.034936631,2.09E-05
4008712.111,829983.808,5152730,2630861,4093732.516,1223397486,4210050,0,0.012049595,10973.14606,85.54132648,0.004567604,-0.000744546,2.09E-05,2.437465189,-80396.57963,-70534.17879,56757.74665,-0.924498618,-8.29E-13,0.000177825,0.986639308,0.034936631,2.09E-05
2707073.346,890992.9925,5368564,1891725,2849932.388,825431313.5,2423741,0,0.012049595,10973.14606,85.54132648,0.004567604,-0.000744546,2.09E-05,2.406920527,49564.8031,100530.4175,146566.9763,-0.924498618,6.81E-13,6.07E-05,0.996179329,0.034936631,2.09E-05
2687554.837,951035.2875,5556963,1873799,2850862.872,819431535.5,2343096.5,0,0.012049595,10973.14606,85.54132648,0.004567604,-0.000744546,2.09E-05,2.270451337,56562.8983,97175.22176,130689.9896,-0.924498618,6.35E-13,4.91E-05,0.995378318,0.034936631,2.09E-05
2839291.046,749533.8365,5015580,2036261,2936558.294,865897131.5,2728082.5,0,0.012049595,10973.14606,85.54132648,0.004567604,-0.000744546,2.09E-05,2.444747816,-14888.87774,81169.91549,140216.8032,-0.924498618,7.10E-13,0.000125085,0.999773793,0.034936631,2.09E-05
3041433.301,1053690.415,6085325,2106028.5,3218785.487,927050598.5,2670777,0,0.012049595,10973.14606,85.54132648,0.004567604,-0.000744546,2.09E-05,2.34221989,49961.18115,149015.9012,36092.63659,-0.924498618,4.99E-13,3.88E-05,0.993922825,0.034936631,2.09E-05
2887381.712,1084262.221,6006370,1948819,3084249.944,880150022.5,2461615.5,0,0.012049595,10973.14606,85.54132648,0.004567604,-0.000744546,2.09E-05,2.264275155,43966.83488,170230.0929,64815.60068,-0.924498618,4.93E-13,3.24E-05,0.994481946,0.034936631,2.09E-05
3257951.83,590456.0926,4281117,2420543,3311025.298,994044560.5,3277968,0,0.012049595,10973.14606,85.54132648,0.004567604,-0.000744546,2.09E-05,2.397972303,-123221.8868,81360.83237,141822.6947,-0.924498618,-1.17E-12,0.000594283,0.998959877,0.034936631,2.09E-05
3478656.791,633572.1348,4404378,2516619.5,3535882.735,1061519780,3568716.5,0,0.012049595,10973.14606,85.54132648,0.004567604,-0.000744546,2.09E-05,2.314526042,-136271.5866,28796.44952,92944.98305,-0.924498618,-1.42E-12,0.000623755,0.992262102,0.034936631,2.09E-05
2736251.621,1030831.634,5776078,1873222.5,2923984.745,834213577.5,2239958,0,0.012049595,10973.14606,85.54132648,0.004567604,-0.000744546,2.09E-05,2.061079635,43354.45268,136520.346,67101.79838,-0.924498618,5.67E-13,3.82E-05,0.994041046,0.034936631,2.09E-05
3148007.261,1070393.624,6186428,2167055.5,3325010.109,959584322.5,2770808.5,0,0.012049595,10973.14606,85.54132648,0.004567604,-0.000744546,2.09E-05,2.355150166,52805.97914,134434.2637,49740.99928,-0.924498618,4.79E-13,3.84E-05,0.994100863,0.034936631,2.09E-05
2771413.837,802261.3252,5160319,1941421,2885196.334,845152818.5,2635051.5,0,0.012049595,10973.14606,85.54132648,0.004567604,-0.000744546,2.09E-05,2.514999993,-5251.788665,80651.63585,168250.7698,-0.924498618,7.05E-13,8.97E-05,0.998326482,0.034936631,2.09E-05
2914342.667,1064581.846,6027320,1995899.5,3102696.841,888381127.5,2495401.5,0,0.012049595,10973.14606,85.54132648,0.004567604,-0.000744546,2.09E-05,2.259852268,66531.98486,125367.4891,41017.12841,-0.924498618,5.07E-13,3.43E-05,0.994296925,0.034936631,2.09E-05
4020970.614,854337.6736,5197616,2633399.5,4110729.563,1227199018,4227441,0,0.012049595,10973.14606,85.54132648,0.004567604,-0.000744546,2.09E-05,2.491901011,-85936.00138,-82544.98826,49865.11899,-0.924498618,-7.73E-13,0.000143114,0.985804504,0.034936631,2.09E-05
3291954.346,952775.3231,6043732,2392615,3427060.582,1003513362,2984198,0,0.012049595,10973.14606,85.54132648,0.004567604,-0.000744546,2.09E-05,2.410497378,91715.44099,147380.4537,40525.4921,-0.924498618,5.44E-13,6.30E-05,0.993913087,0.034936631,2.09E-05
2893337.85,691898.2498,4958779,2160957,2974916.318,882432394.5,2812745.5,0,0.012049595,10973.14606,85.54132648,0.004567604,-0.000744546,2.09E-05,2.372007981,-5664.740936,97693.75366,163662.98,-0.924498618,6.93E-13,0.000188007,1.000328273,0.034936631,2.09E-05
3167112.516,937348.8883,5867997,2342719.5,3302911.538,965500250.5,2814062,0,0.012049595,10973.14606,85.54132648,0.004567604,-0.000744546,2.09E-05,2.260426303,99339.10002,156817.8666,26376.44693,-0.924498618,6.19E-13,7.18E-05,0.994089524,0.034936631,2.09E-05
4923725.17,917430.6143,6059690,3466028.5,5008467.678,1502172715,5210145,0,0.012049595,10973.14606,85.54132648,0.004567604,-0.000744546,2.09E-05,2.210386998,-21984.82779,-143424.9313,-32139.6539,-0.924498618,-8.71E-13,0.000432815,0.995101966,0.034936631,2.09E-05
3720923.438,730597.8699,4739958,2432707.5,3791971.055,1135661539,3862033.5,0,0.012049595,10973.14606,85.54132648,0.004567604,-0.000744546,2.09E-05,2.351087113,-105087.1145,-47816.0527,104747.4485,-0.924498618,-1.10E-12,0.000332037,0.984852498,0.034936631,2.09E-05
2711472.993,889527.0534,5360967,1888612.5,2853654.529,826767168.5,2436912.5,0,0.012049595,10973.14606,85.54132648,0.004567604,-0.000744546,2.09E-05,2.401057622,45522.94379,95775.21088,144985.6067,-0.924498618,6.80E-13,6.16E-05,0.996549988,0.034936631,2.09E-05
2769253.484,1019172.22,5827512,1919336,2950843.417,844306479.5,2273660.5,0,0.012049595,10973.14606,85.54132648,0.004567604,-0.000744546,2.09E-05,2.087330925,59922.0566,124666.8173,66656.66151,-0.924498618,5.79E-13,4.14E-05,0.993702492,0.034936631,2.09E-05
2781968.837,1036081.955,5866605,1926996.5,2968638.817,848106208.5,2283082,0,0.012049595,10973.14606,85.54132648,0.004567604,-0.000744546,2.09E-05,2.086508378,54732.04785,145337.2795,69528.7066,-0.924498618,5.61E-13,3.91E-05,0.993433251,0.034936631,2.09E-05
3809016.052,442875.3263,5067135,3457006.5,3834676.237,1161517388,3684542,0,0.012049595,10973.14606,85.54132648,0.004567604,-0.000744546,2.09E-05,1.723335849,-15129.50439,89530.8269,48454.57835,-0.924498618,-3.12E-12,0.01703971,0.996634479,0.034936631,2.09E-05
3869460.719,294181.2311,4743227,3734480,3880627.379,1180173274,3814822,0,0.012049595,10973.14606,85.54132648,0.004567604,-0.000744546,2.09E-05,1.264747526,-36146.66908,82751.91607,49803.10038,-0.924498618,-3.93E-11,0.33922464,1.002542423,0.034936631,2.09E-05
3592309.83,383236.9617,4277245,3173483,3612694.352,1095899921,3559422.5,0,0.012049595,10973.14606,85.54132648,0.004567604,-0.000744546,2.09E-05,1.59997034,-94076.52341,33174.84934,54679.92807,-0.924498618,-8.68E-12,0.031788447,0.998577449,0.034936631,2.09E-05
3370777.784,612899.5081,4244143,2550098.5,3426045.633,1028571514,3422208,0,0.012049595,10973.14606,85.54132648,0.004567604,-0.000744546,2.09E-05,2.279598603,-133705.6702,36807.42843,107794.3318,-0.924498618,-1.39E-12,0.000614034,0.99493602,0.034936631,2.09E-05
2721441.346,986186.07,5650330,1895355,2894616.722,829735717.5,2275330.5,0,0.012049595,10973.14606,85.54132648,0.004567604,-0.000744546,2.09E-05,2.203542809,46297.375,104087.0982,110780.3265,-0.924498618,6.04E-13,4.39E-05,0.994186183,0.034936631,2.09E-05
3026795.967,614799.9339,4634628,2377389.5,3088603.695,923320128.5,2992149,0,0.012049595,10973.14606,85.54132648,0.004567604,-0.000744546,2.09E-05,2.33142242,-64339.37026,43612.07342,156300.4531,-0.924498618,1.84E-13,0.000331519,1.002532803,0.034936631,2.09E-05
2866991.784,1073152.139,5968929,1977093,3061257.488,873986713.5,2417557.5,0,0.012049595,10973.14606,85.54132648,0.004567604,-0.000744546,2.09E-05,2.208595136,57869.26641,132269.7916,46830.82265,-0.924498618,5.17E-13,3.58E-05,0.994013006,0.034936631,2.09E-05
2941841.941,1012811.142,5941499,2106736,3111305.259,896803847.5,2501934.5,0,0.012049595,10973.14606,85.54132648,0.004567604,-0.000744546,2.09E-05,2.324164217,63339.61034,151061.7449,52566.04409,-0.924498618,5.79E-13,4.89E-05,0.993848204,0.034936631,2.09E-05
4006812.19,810755.391,5135143,2689279,4088015.194,1222882856,4198960,0,0.012049595,10973.14606,85.54132648,0.004567604,-0.000744546,2.09E-05,2.446157839,-74324.58735,-48436.93467,81046.69802,-0.924498618,-9.03E-13,0.000234735,0.984153004,0.034936631,2.09E-05
2715784.922,859890.6676,5292509,1885046,2848666.302,828121787.5,2510827.5,0,0.012049595,10973.14606,85.54132648,0.004567604,-0.000744546,2.09E-05,2.471668371,53795.11153,135572.926,158254.4403,-0.924498618,6.89E-13,6.78E-05,0.996997637,0.034936631,2.09E-05
2753295.745,877908.0939,5430751,1926348.5,2889871.984,839551772.5,2519967.5,0,0.012049595,10973.14606,85.54132648,0.004567604,-0.000744546,2.09E-05,2.430801675,62213.51676,128323.8494,128862.1409,-0.924498618,6.74E-13,6.45E-05,0.997027309,0.034936631,2.09E-05
2813350.908,792023.7002,5288210,2130418.5,2922711.904,857889620.5,2563186.5,0,0.012049595,10973.14606,85.54132648,0.004567604,-0.000744546,2.09E-05,2.241436567,40727.32653,105119.9234,118664.7604,-0.924498618,8.81E-13,0.000135676,0.997082005,0.034936631,2.09E-05
2728333.66,895546.5438,5373119,1917046,2871551.527,831913732.5,2455928.5,0,0.012049595,10973.14606,85.54132648,0.004567604,-0.000744546,2.09E-05,2.412687516,57498.02041,91410.88771,149635.3843,-0.924498618,6.67E-13,5.85E-05,0.996283845,0.034936631,2.09E-05
2812394.32,1058411.589,5900218,1926116.5,3004962.047,857324867.5,2329924.5,0,0.012049595,10973.14606,85.54132648,0.004567604,-0.000744546,2.09E-05,2.139255307,71205.56272,114088.0302,75967.79042,-0.924498618,5.29E-13,3.49E-05,0.993993109,0.034936631,2.09E-05
2832765.745,1068001.495,5921243,1945474,3027406.309,863533224.5,2367038.5,0,0.012049595,10973.14606,85.54132648,0.004567604,-0.000744546,2.09E-05,2.180454559,58906.4406,129024.2714,53276.05937,-0.924498618,5.18E-13,3.41E-05,0.994441095,0.034936631,2.09E-05
3053283.105,1079609.537,6177140,2083686.5,3238532.765,930689270.5,2656746.5,0,0.012049595,10973.14606,85.54132648,0.004567604,-0.000744546,2.09E-05,2.331562707,72441.39696,153534.34,43871.86282,-0.924498618,4.82E-13,3.62E-05,0.994155884,0.034936631,2.09E-05
3154658.02,915735.2396,5809142,2365049.5,3284880.249,961723418.5,2790058.5,0,0.012049595,10973.14606,85.54132648,0.004567604,-0.000744546,2.09E-05,2.180431467,22189.87523,156889.7226,58514.02111,-0.924498618,6.33E-13,7.29E-05,0.994225095,0.034936631,2.09E-05
2725570.562,895995.2131,5412101,1873378,2869066.453,831031256.5,2468162,0,0.012049595,10973.14606,85.54132648,0.004567604,-0.000744546,2.09E-05,2.414783386,10325.14143,136642.5041,155420.4596,-0.924498618,6.52E-13,5.75E-05,0.996506324,0.034936631,2.09E-05
2755724.124,928756.6401,5565560,1991127.5,2908024.131,840249578.5,2372622,0,0.012049595,10973.14606,85.54132648,0.004567604,-0.000744546,2.09E-05,2.295511771,23753.71169,141131.5702,98161.96964,-0.924498618,6.88E-13,6.24E-05,0.995442884,0.034936631,2.09E-05
4539285.484,997558.7309,5761233,2834327,4647605.418,1385190323,4833988,0,0.012049595,10973.14606,85.54132648,0.004567604,-0.000744546,2.09E-05,2.375077381,-115869.9957,-120923.1619,9476.100725,-0.924498618,-6.01E-13,0.000102164,0.991115786,0.034936631,2.09E-05
2966837.601,1078967.155,6100512,2014974.5,3156944.009,904385169.5,2559316.5,0,0.012049595,10973.14606,85.54132648,0.004567604,-0.000744546,2.09E-05,2.328590604,45823.20501,141511.4898,64155.6762,-0.924498618,4.91E-13,3.54E-05,0.994343761,0.034936631,2.09E-05
3466122.497,773995.2708,5709939,2782275,3551488.961,1056792934,3197939.5,0,0.012049595,10973.14606,85.54132648,0.004567604,-0.000744546,2.09E-05,2.117190099,29380.22901,78383.88207,57378.20445,-0.924498618,7.08E-13,0.000245388,0.99456783,0.034936631,2.09E-05
3971708.314,300178.0521,4735082,3817438.5,3983035.751,1211296146,3919458.5,0,0.012049595,10973.14606,85.54132648,0.004567604,-0.000744546,2.09E-05,0.811342062,-447.4162117,-30466.80511,-10030.51409,-0.924498618,-3.98E-11,0.342267509,1.001097923,0.034936631,2.09E-05
4322930.373,909851.261,5559772,2871901,4417641.489,1319206663,4563130,0,0.012049595,10973.14606,85.54132648,0.004567604,-0.000744546,2.09E-05,2.438194756,-85711.92697,-107526.5478,28465.82198,-0.924498618,-7.05E-13,0.000139079,0.989011296,0.034936631,2.09E-05
2729899.013,918837.7946,5506879,1921803.5,2880383.918,832380087.5,2404288.5,0,0.012049595,10973.14606,85.54132648,0.004567604,-0.000744546,2.09E-05,2.329925627,73003.07626,141538.9791,141063.6216,-0.924498618,6.63E-13,5.70E-05,0.995306213,0.034936631,2.09E-05
2753235.072,793466.2563,5110660,1915155,2865290.921,839569323.5,2623400.5,0,0.012049595,10973.14606,85.54132648,0.004567604,-0.000744546,2.09E-05,2.504063815,20909.11189,117873.6421,164707.0154,-0.924498618,7.11E-13,9.00E-05,0.9986826,0.034936631,2.09E-05
3796990.137,396154.5377,4887654,3514582.5,3817600.362,1157967735,3666231.5,0,0.012049595,10973.14606,85.54132648,0.004567604,-0.000744546,2.09E-05,1.223582479,75132.84746,67173.13948,-17732.71069,-0.924498618,-6.59E-12,0.036744121,0.997899667,0.034936631,2.09E-05
3140674.444,989751.0556,6017221,2242271.5,3292938.371,957458143.5,2801817.5,0,0.012049595,10973.14606,85.54132648,0.004567604,-0.000744546,2.09E-05,2.322402431,77726.69501,126184.3274,23081.9003,-0.924498618,5.52E-13,5.39E-05,0.994484037,0.034936631,2.09E-05
2782050.242,1034228.143,5871225,1929452.5,2968068.631,848140067.5,2295866,0,0.012049595,10973.14606,85.54132648,0.004567604,-0.000744546,2.09E-05,2.093054165,80340.48579,121247.5454,84900.3499,-0.924498618,5.60E-13,3.87E-05,0.99419842,0.034936631,2.09E-05
2729505.739,875514.0825,5360478,1946150,2866483.296,832317522.5,2441766,0,0.012049595,10973.14606,85.54132648,0.004567604,-0.000744546,2.09E-05,2.424778933,40874.84944,93083.30032,142243.9928,-0.924498618,7.22E-13,7.17E-05,0.996468129,0.034936631,2.09E-05
2801668.203,982623.3741,5731057,1999095,2968988.618,854215081.5,2320664,0,0.012049595,10973.14606,85.54132648,0.004567604,-0.000744546,2.09E-05,2.223324863,54845.36106,113910.1155,68338.96682,-0.924498618,6.22E-13,4.98E-05,0.994754606,0.034936631,2.09E-05
2822561.686,1062721.815,6021566,1927196.5,3015996.043,860484965.5,2367587.5,0,0.012049595,10973.14606,85.54132648,0.004567604,-0.000744546,2.09E-05,2.132522534,52614.64982,145979.3207,52731.11971,-0.924498618,5.26E-13,3.57E-05,0.994127151,0.034936631,2.09E-05
2879218.869,1091745.499,6108855,1937901,3079254.704,877694811.5,2430975.5,0,0.012049595,10973.14606,85.54132648,0.004567604,-0.000744546,2.09E-05,2.25653548,28069.55789,166752.4135,69021.4155,-0.924498618,4.87E-13,3.19E-05,0.993650812,0.034936631,2.09E-05
2836651.791,1059076.334,5943236,1963442.5,3027909.52,864678377.5,2377453.5,0,0.012049595,10973.14606,85.54132648,0.004567604,-0.000744546,2.09E-05,2.167941953,30549.27746,164093.9585,76455.64302,-0.924498618,5.32E-13,3.62E-05,0.993634302,0.034936631,2.09E-05
2765807.725,1011772.339,5776460,1912418,2945059.531,843267666.5,2274290,0,0.012049595,10973.14606,85.54132648,0.004567604,-0.000744546,2.09E-05,2.141575584,31533.09177,144594.6667,71534.82556,-0.924498618,5.86E-13,4.27E-05,0.994523537,0.034936631,2.09E-05
3824287.366,450400.3859,5024177,3459144.5,3850718.682,1166247140,3698444,0,0.012049595,10973.14606,85.54132648,0.004567604,-0.000744546,2.09E-05,1.742022021,-18237.93401,28019.47482,-3060.754539,-0.924498618,-2.82E-12,0.015487614,0.996060825,0.034936631,2.09E-05
2733116.314,869789.3027,5323515,1918249,2868180.297,833375471.5,2497420,0,0.012049595,10973.14606,85.54132648,0.004567604,-0.000744546,2.09E-05,2.464326167,16688.37827,87914.57357,160999.5752,-0.924498618,6.89E-13,6.67E-05,0.996718004,0.034936631,2.09E-05
2917328.039,667796.7991,4902079,2206182.5,2992783.897,889777454.5,2837746,0,0.012049595,10973.14606,85.54132648,0.004567604,-0.000744546,2.09E-05,2.361387946,-41440.68417,59996.84172,172713.037,-0.924498618,5.88E-13,0.000212543,1.001831013,0.034936631,2.09E-05
2755535.941,955176.463,5614401,1963821.5,2916391.674,840164926.5,2328578.5,0,0.012049595,10973.14606,85.54132648,0.004567604,-0.000744546,2.09E-05,2.241134579,47705.71555,109923.0926,86003.09899,-0.924498618,6.54E-13,5.46E-05,0.994906883,0.034936631,2.09E-05
2923908.556,1026357.399,5856093,2055865.5,3098814.411,891333711.5,2518215.5,0,0.012049595,10973.14606,85.54132648,0.004567604,-0.000744546,2.09E-05,2.329114886,68781.14355,149316.4509,42933.46245,-0.924498618,5.43E-13,3.91E-05,0.994642763,0.034936631,2.09E-05
2739104.797,891584.378,5433298,1932347,2880558.591,835216408.5,2433706.5,0,0.012049595,10973.14606,85.54132648,0.004567604,-0.000744546,2.09E-05,2.390381492,59000.22299,144209.1576,147554.1712,-0.924498618,6.83E-13,6.29E-05,0.996365732,0.034936631,2.09E-05
3355393.614,602127.3445,4315859,2538697.5,3408991.588,1023813395,3402834.5,0,0.012049595,10973.14606,85.54132648,0.004567604,-0.000744546,2.09E-05,2.365245385,-75880.78409,47721.76583,137296.154,-0.924498618,-1.40E-12,0.000667608,0.996091947,0.034936631,2.09E-05
3159170.353,1076469.901,6240036,2149211.5,3337535.733,962934153.5,2802296.5,0,0.012049595,10973.14606,85.54132648,0.004567604,-0.000744546,2.09E-05,2.3566181,86415.0377,164953.8109,26281.58977,-0.924498618,4.61E-13,3.63E-05,0.994238932,0.034936631,2.09E-05
3225179.549,590699.5313,4351793,2420765,3278827.391,984011522.5,3201848,0,0.012049595,10973.14606,85.54132648,0.004567604,-0.000744546,2.09E-05,2.364023362,-77761.61812,46712.14104,125583.9088,-0.924498618,-9.90E-13,0.000550648,1.000448338,0.034936631,2.09E-05
3129439.072,592417.6398,4467147,2456244,3185019.241,954724529.5,3073165,0,0.012049595,10973.14606,85.54132648,0.004567604,-0.000744546,2.09E-05,2.415810574,-66999.1583,49053.23953,156733.442,-0.924498618,-4.89E-13,0.000441633,1.002079787,0.034936631,2.09E-05
2733379.17,875241.0818,5318165,1888047.5,2870088.612,833461390.5,2497959,0,0.012049595,10973.14606,85.54132648,0.004567604,-0.000744546,2.09E-05,2.45773775,40176.49871,90232.52859,157368.338,-0.924498618,6.59E-13,5.98E-05,0.996417729,0.034936631,2.09E-05
3575827.941,392240.927,4268617,3111939.5,3597276.527,1090893681,3535952.5,0,0.012049595,10973.14606,85.54132648,0.004567604,-0.000744546,2.09E-05,1.634170021,-31167.39466,-12291.64679,50529.04279,-0.924498618,-7.61E-12,0.026053519,0.998238973,0.034936631,2.09E-05
2737958.059,904593.0853,5448059,1896914,2883522.669,834793470.5,2436871,0,0.012049595,10973.14606,85.54132648,0.004567604,-0.000744546,2.09E-05,2.37837988,39315.55616,118088.3785,129701.1785,-0.924498618,6.62E-13,5.94E-05,0.995980169,0.034936631,2.09E-05
3202817.686,582336.0755,4352088,2411179,3255327.393,977110230.5,3158228,0,0.012049595,10973.14606,85.54132648,0.004567604,-0.000744546,2.09E-05,2.368546884,-105474.283,73556.13636,145548.7646,-0.924498618,-9.18E-13,0.000568264,1.001385639,0.034936631,2.09E-05
3597191.386,394012.6882,4244613,3162256.5,3618705.827,1097375185,3559541,0,0.012049595,10973.14606,85.54132648,0.004567604,-0.000744546,2.09E-05,1.605364614,-84569.87939,51438.66738,96968.25652,-0.924498618,-7.61E-12,0.026162056,0.998554164,0.034936631,2.09E-05
2888813.804,706503.0129,5053748,2141036.5,2973952.202,881007359.5,2772201,0,0.012049595,10973.14606,85.54132648,0.004567604,-0.000744546,2.09E-05,2.244434192,-32940.64949,103819.9517,130052.4105,-0.924498618,7.83E-13,0.000191809,0.999894176,0.034936631,2.09E-05
2712824.026,965250.0287,5563303,1881811.5,2879430.814,827145118.5,2334403.5,0,0.012049595,10973.14606,85.54132648,0.004567604,-0.000744546,2.09E-05,2.287141302,43072.81096,123057.8558,111818.1938,-0.924498618,6.15E-13,4.49E-05,0.995370351,0.034936631,2.09E-05
3557249.993,395925.4253,4218109,3097030,3579215.621,1085191868,3512551,0,0.012049595,10973.14606,85.54132648,0.004567604,-0.000744546,2.09E-05,1.633194638,-74682.1855,-17353.46185,103345.2838,-0.924498618,-7.17E-12,0.023546436,0.999604071,0.034936631,2.09E-05
2991362.229,982431.9109,5809788,2154042.5,3148558.471,911863837.5,2582152,0,0.012049595,10973.14606,85.54132648,0.004567604,-0.000744546,2.09E-05,2.368794383,30475.03975,103362.9897,65281.69445,-0.924498618,5.77E-13,4.77E-05,0.99353508,0.034936631,2.09E-05
4608614.346,561258.0163,5342117,3813828.5,4642664.833,1405877694,4800934,0,0.012049595,10973.14606,85.54132648,0.004567604,-0.000744546,2.09E-05,1.81131089,-90473.15266,-131698.8557,-31351.02333,-0.924498618,-3.98E-12,0.00980968,0.996280571,0.034936631,2.09E-05
2722997.209,997484.7702,5630802,1884443.5,2899946.494,830196235.5,2244327,0,0.012049595,10973.14606,85.54132648,0.004567604,-0.000744546,2.09E-05,2.160630679,56312.42036,128873.5957,87879.52902,-0.924498618,6.08E-13,4.46E-05,0.994449991,0.034936631,2.09E-05
4141832.948,891196.1514,5321612,2663385.5,4236627.284,1263978778,4385428.5,0,0.012049595,10973.14606,85.54132648,0.004567604,-0.000744546,2.09E-05,2.458165206,-96015.4022,-87685.12487,66160.87087,-0.924498618,-7.21E-13,0.000120099,0.98773729,0.034936631,2.09E-05
3076505.196,959044.6903,5850223,2231201.5,3222522.45,937847828.5,2709446.5,0,0.012049595,10973.14606,85.54132648,0.004567604,-0.000744546,2.09E-05,2.351189361,54685.57527,163527.2524,61072.63914,-0.924498618,5.90E-13,5.62E-05,0.994449913,0.034936631,2.09E-05
2746797.137,905497.4267,5472752,1977252,2892199.873,837558221.5,2422681,0,0.012049595,10973.14606,85.54132648,0.004567604,-0.000744546,2.09E-05,2.348195601,61811.05302,133239.9784,98589.20005,-0.924498618,6.89E-13,6.35E-05,0.994734556,0.034936631,2.09E-05
2743452.68,1014533.234,5721278,1874896,2925031.673,836411629.5,2259754.5,0,0.012049595,10973.14606,85.54132648,0.004567604,-0.000744546,2.09E-05,2.142454284,62464.6824,135653.1516,72436.55401,-0.924498618,5.77E-13,3.99E-05,0.994208258,0.034936631,2.09E-05
3272955.719,864667.8322,5809272,2479199,3385245.87,997811770.5,2974784,0,0.012049595,10973.14606,85.54132648,0.004567604,-0.000744546,2.09E-05,2.169484301,67004.42145,111529.8479,54042.34702,-0.924498618,6.55E-13,0.000106748,0.994072995,0.034936631,2.09E-05
2680672.654,968328.4272,5571592,1862416,2850204.522,817303570.5,2293606,0,0.012049595,10973.14606,85.54132648,0.004567604,-0.000744546,2.09E-05,2.249935863,65356.98906,99267.2541,122206.6843,-0.924498618,6.21E-13,4.56E-05,0.99487837,0.034936631,2.09E-05
2918733.608,650937.2636,4840858,2221531,2990438.964,890256487.5,2824173.5,0,0.012049595,10973.14606,85.54132648,0.004567604,-0.000744546,2.09E-05,2.32857262,-26719.81267,65636.27576,139593.5627,-0.924498618,6.09E-13,0.000249922,1.001871309,0.034936631,2.09E-05
4371155.889,734406.8079,5393248,3223351.5,4432421.14,1333725954,4571639.5,0,0.012049595,10973.14606,85.54132648,0.004567604,-0.000744546,2.09E-05,2.14240278,-64481.12977,-103488.6902,995.2567105,-0.924498618,-1.32E-12,0.000927459,0.992582624,0.034936631,2.09E-05
3586061.366,386707.3715,4302052,3137367.5,3606851.634,1093963548,3546345.5,0,0.012049595,10973.14606,85.54132648,0.004567604,-0.000744546,2.09E-05,1.619797473,-37236.42016,9393.665561,99099.71736,-0.924498618,-8.19E-12,0.029438078,1.000300456,0.034936631,2.09E-05
2744615.739,996412.2951,5721389,1918059.5,2919889.213,836809626.5,2265329,0,0.012049595,10973.14606,85.54132648,0.004567604,-0.000744546,2.09E-05,2.137188082,72358.24793,141881.8126,94583.82342,-0.924498618,6.10E-13,4.60E-05,0.994110588,0.034936631,2.09E-05
2818941.418,781436.0118,5169062,2024689.5,2925247.504,859632950.5,2642389.5,0,0.012049595,10973.14606,85.54132648,0.004567604,-0.000744546,2.09E-05,2.47893327,-3611.300643,100842.0223,143551.5958,-0.924498618,7.30E-13,0.000106898,0.998285811,0.034936631,2.09E-05
4720936.033,804493.9777,5818582,3495502,4788992.335,1440270028,4962435,0,0.012049595,10973.14606,85.54132648,0.004567604,-0.000744546,2.09E-05,2.169579304,-43219.94821,-86294.8223,-22520.65704,-0.924498618,-1.23E-12,0.000882221,0.995242189,0.034936631,2.09E-05
3575858.641,389885.4151,4269391,3138336.5,3597050.966,1090846108,3527290,0,0.012049595,10973.14606,85.54132648,0.004567604,-0.000744546,2.09E-05,1.688640057,-44576.8186,27268.3662,102208.3655,-0.924498618,-7.87E-12,0.027242283,0.999736921,0.034936631,2.09E-05
3314856.327,849116.5935,5781212,2533143,3421881.274,1010562317,3028946.5,0,0.012049595,10973.14606,85.54132648,0.004567604,-0.000744546,2.09E-05,2.201286056,69092.49117,126041.6862,49443.01392,-0.924498618,6.51E-13,0.000116568,0.99310674,0.034936631,2.09E-05
2977432.261,980242.7442,5827997,2139956.5,3134641.719,907690226.5,2581118.5,0,0.012049595,10973.14606,85.54132648,0.004567604,-0.000744546,2.09E-05,2.34852214,57538.25569,137783.9466,42377.36376,-0.924498618,5.92E-13,5.07E-05,0.994408924,0.034936631,2.09E-05
3364263.098,598093.5502,4345286,2554867.5,3417013.621,1026508123,3404214.5,0,0.012049595,10973.14606,85.54132648,0.004567604,-0.000744546,2.09E-05,2.368602156,-107709.3518,31146.25947,110285.0567,-0.924498618,-1.36E-12,0.000707051,0.997057679,0.034936631,2.09E-05
4255511.601,732925.8095,5392529,3118836.5,4318166.188,1298492391,4419221.5,0,0.012049595,10973.14606,85.54132648,0.004567604,-0.000744546,2.09E-05,2.231776634,-70669.27085,-98731.8337,52991.66141,-0.924498618,-1.24E-12,0.000761756,0.991678514,0.034936631,2.09E-05
2924739.693,657686.168,4761026,2229913.5,2997774.736,892072379.5,2852514.5,0,0.012049595,10973.14606,85.54132648,0.004567604,-0.000744546,2.09E-05,2.397093052,-34495.03242,69161.3221,164643.4818,-0.924498618,5.61E-13,0.000224495,1.001777709,0.034936631,2.09E-05
2725348.098,944623.0586,5496331,1901898,2884412.415,830857584.5,2389042,0,0.012049595,10973.14606,85.54132648,0.004567604,-0.000744546,2.09E-05,2.31608715,63540.54338,119498.7571,120176.699,-0.924498618,6.26E-13,4.75E-05,0.995505931,0.034936631,2.09E-05
3117001.778,1012152.982,6062649,2184794.5,3277217.378,950138965.5,2760368,0,0.012049595,10973.14606,85.54132648,0.004567604,-0.000744546,2.09E-05,2.357807248,53239.12814,148301.0276,41071.99365,-0.924498618,5.29E-13,4.73E-05,0.994205861,0.034936631,2.09E-05
2943752.052,1042641.802,6027785,2029875.5,3122943.815,897377250.5,2531043.5,0,0.012049595,10973.14606,85.54132648,0.004567604,-0.000744546,2.09E-05,2.289147476,56895.50349,138099.9833,50397.42055,-0.924498618,5.22E-13,3.73E-05,0.99453191,0.034936631,2.09E-05
2752773.34,839678.6513,5298629,1937135,2877989.107,839385781.5,2539666,0,0.012049595,10973.14606,85.54132648,0.004567604,-0.000744546,2.09E-05,2.478011068,12020.32651,102693.5492,149444.1267,-0.924498618,7.24E-13,8.11E-05,0.997197008,0.034936631,2.09E-05
3563765.105,392934.1888,4259908,3125987,3585361.767,1087195659,3513542.5,0,0.012049595,10973.14606,85.54132648,0.004567604,-0.000744546,2.09E-05,1.651664276,-51595.43069,16661.25829,87801.20423,-0.924498618,-7.40E-12,0.025177214,0.999624494,0.034936631,2.09E-05
2915263.81,674713.0588,4911051,2197005.5,2992323.645,889176821.5,2817133.5,0,0.012049595,10973.14606,85.54132648,0.004567604,-0.000744546,2.09E-05,2.38586333,-24992.97292,76459.41278,155754.6877,-0.924498618,6.23E-13,0.000205351,1.001161201,0.034936631,2.09E-05
3052741.203,1020734.698,6024277,2127663,3218870.636,930552073.5,2697708.5,0,0.012049595,10973.14606,85.54132648,0.004567604,-0.000744546,2.09E-05,2.335371996,53834.82225,152459.0046,41950.6025,-0.924498618,5.25E-13,4.34E-05,0.994479785,0.034936631,2.09E-05
2767157.235,929814.6988,5508973,1999742.5,2919197.585,843713456.5,2385589,0,0.012049595,10973.14606,85.54132648,0.004567604,-0.000744546,2.09E-05,2.30927517,65170.02519,117249.5237,111031.8333,-0.924498618,6.69E-13,5.69E-05,0.995105972,0.034936631,2.09E-05
4075748.203,779601.1373,5168788,2802153,4149638.7,1243781745,4268313,0,0.012049595,10973.14606,85.54132648,0.004567604,-0.000744546,2.09E-05,2.356724098,-92747.93359,-70058.27641,64781.40028,-0.924498618,-9.96E-13,0.000341566,0.987265998,0.034936631,2.09E-05
3077096.686,599128.6075,4564339,2436763.5,3134881.035,938663180.5,3069849.5,0,0.012049595,10973.14606,85.54132648,0.004567604,-0.000744546,2.09E-05,2.349627662,-71941.38253,65843.21629,152578.8093,-0.924498618,-7.77E-14,0.000402815,1.002685982,0.034936631,2.09E-05
3828585.895,766166.5912,4896717,2540711.5,3904495,1169512538,3993609,0,0.012049595,10973.14606,85.54132648,0.004567604,-0.000744546,2.09E-05,2.382608736,-111072.9502,-41366.56441,79401.97183,-0.924284033,-9.93E-13,0.000271627,0.921083451,0.034936631,2.09E-05
